<?xml version="1.0" encoding="UTF-8" standalone="yes"?>
<addon id="script.module.exifread" name="ExifRead" version="2.1.2+matrix.0" provider-name="Ianaré Sévi">
	<requires>
		<import addon="xbmc.python" version="3.0.0"/>
	</requires>
	<extension point="xbmc.python.module" library="lib" />
	<extension point="xbmc.addon.metadata">
		<summary lang="en_GB">Read Exif metadata from tiff and jpeg files.</summary>
		<description lang="en_GB">Easy to use Python module to extract Exif metadata from tiff and jpeg files.</description>
		<license>0BSD</license>
		<platform>all</platform>
		<website>https://pypi.org/project/ExifRead/</website>
		<source>https://github.com/ianare/exif-py</source>
		<assets>
			<icon>icon.png</icon>
		</assets>
	</extension>
</addon>
