<?xml version='1.0' encoding='UTF-8'?>
<shortcuts>
	<shortcut>
		<defaultID>colorred-totalcleanup-colorgreen-b-7-58mb-b-color-color</defaultID>
		<label>Total Clean Up</label>
		<label2>Favourite</label2>
		<icon>special://skin/extras/icons/files.png</icon>
		<thumb>special://home/addons/plugin.program.misfitmods/resources/art/maintenance.png</thumb>
		<action>PlayMedia("plugin://plugin.program.misfitmods/?mode=fullclean",return)</action>
	</shortcut>
	<shortcut>
		<defaultID>colordodgerblue-advancedsettings-color</defaultID>
		<label>Advanced Settings</label>
		<label2>Favourite</label2>
		<icon>special://skin/extras/icons/files.png</icon>
		<thumb>special://home/addons/plugin.program.misfitmods/resources/art/maintenance.png</thumb>
		<action>ActivateWindow(10001,"plugin://plugin.program.misfitmods/?mode=advancedsetting",return)</action>
	</shortcut>
	<shortcut>
		<defaultID />
		<label>Real Debrid</label>
		<label2>Program</label2>
		<icon>DefaultShortcut.png</icon>
		<thumb>image://special%3a%2f%2fhome%2fuserdata%2fbackgrounds%2freal-debrid-1024x576.jpg/</thumb>
		<action>ActivateWindow(Programs,"plugin://plugin.program.super.favourites/?label=Real+Debrid&amp;mode=400&amp;path=special%3A%2F%2Fprofile%2Faddon_data%2Fplugin.program.super.favourites%2FSuper+Favourites%2FReal+Debrid&amp;image=special%3A%2F%2Fhome%2Fuserdata%2Fbackgrounds%2Freal-debrid-1024x576.jpg&amp;fanart=special%3A%2F%2Fhome%2Fuserdata%2FBackgrounds%2Fsfback.jpg",return)</action>
	</shortcut>
	<shortcut>
		<defaultID>plugin.video.retroquest</defaultID>
		<label>[COLORred]Retro Quest[/COLOR]</label>
		<label2>Video Add-On</label2>
		<icon>DefaultShortcut.png</icon>
		<thumb>image://%2fstorage%2femulated%2f0%2fAndroid%2fdata%2forg.xbmc.kodi%2ffiles%2f.kodi%2faddons%2fplugin.video.retroquest%2ficon.png/</thumb>
		<action>ActivateWindow(Videos,"plugin://plugin.video.retroquest",return)</action>
	</shortcut>
	<shortcut>
		<defaultID>colordodgerblue-b-i-colorghostwhite-misfitmods-color-b-color-colorghostwhite-speedtester-color-i</defaultID>
		<label>Speed Tester</label>
		<label2>Favourite</label2>
		<icon>special://skin/extras/icons/files.png</icon>
		<thumb>special://home/addons/plugin.program.misfitmods/resources/art/speedtest.png</thumb>
		<action>PlayMedia("plugin://plugin.program.misfitmods/?mode=speed",return)</action>
	</shortcut>
	<shortcut>
		<defaultID>colordodgerblue-b-i-colorghostwhite-misfitmods-color-b-color-colorghostwhite-apkinstaller-color-i</defaultID>
		<label>APK Installer</label>
		<label2>Favourite</label2>
		<icon>special://skin/extras/icons/files.png</icon>
		<thumb>special://home/addons/plugin.program.misfitmods/resources/art/apk.png</thumb>
		<action>ActivateWindow(10001,"plugin://plugin.program.misfitmods/?mode=apk",return)</action>
	</shortcut>
	<shortcut>
		<defaultID>colordodgerblue-freshstart-color</defaultID>
		<label>Fresh Start</label>
		<label2>Favourite</label2>
		<icon>special://skin/extras/icons/files.png</icon>
		<thumb>special://home/addons/plugin.program.misfitmods/resources/art/maintenance.png</thumb>
		<action>PlayMedia("plugin://plugin.program.misfitmods/?mode=freshstart",return)</action>
	</shortcut>
	<shortcut>
		<defaultID />
		<label>Misfit Mods Lite Update </label>
		<label2>Program</label2>
		<icon>DefaultShortcut.png</icon>
		<thumb>image://http%3a%2f%2fmisfitmods.com%2fsplash.png/</thumb>
		<action>ActivateWindow(Programs,"plugin://plugin.program.misfitmods/?mode=viewbuild&amp;name=Misfit+Mods+Lite",return)</action>
	</shortcut>
</shortcuts>
