<shortcuts>
	<shortcut>
		<defaultID>3130-nickjr-plutotv</defaultID>
		<label> Nick Jr.</label>
		<label2>Favourite</label2>
		<icon>special://skin/extras/icons/files.png</icon>
		<thumb>https://images.pluto.tv/channels/5ca6748a37b88b269472dad9/colorLogoPNG.png</thumb>
		<action>PlayMedia("plugin://slyguy.pluto.tv.provider/?_=play&amp;_play=1&amp;id=5ca6748a37b88b269472dad9&amp;_is_live=1&amp;_noresume=.pvr",return)</action>
		</shortcut>
	<shortcut>
		<defaultID>2360-animeallday</defaultID>
		<label>Anime All Day</label>
		<label2>Favourite</label2>
		<icon>special://skin/extras/icons/files.png</icon>
		<thumb>https://images.pluto.tv/channels/5812b7d3249444e05d09cc49/colorLogoPNG.png</thumb>
		<action>PlayMedia("plugin://slyguy.pluto.tv.provider/?_=play&amp;_play=1&amp;id=5812b7d3249444e05d09cc49&amp;_is_live=1&amp;_noresume=.pvr",return)</action>
		</shortcut>
	<shortcut>
		<defaultID>3135-nickjr-enespanol</defaultID>
		<label>Nick Jr. en español</label>
		<label2>Favourite</label2>
		<icon>special://skin/extras/icons/files.png</icon>
		<thumb>https://images.pluto.tv/channels/5d8d0ec7b0f7015fbe0a3bf7/colorLogoPNG-1631631965767.png</thumb>
		<action>PlayMedia("plugin://slyguy.pluto.tv.provider/?_=play&amp;_play=1&amp;id=5d8d0ec7b0f7015fbe0a3bf7&amp;_is_live=1&amp;_noresume=.pvr",return)</action>
		</shortcut>
	<shortcut>
		<defaultID>3140-doratv</defaultID>
		<label>Dora TV</label>
		<label2>Favourite</label2>
		<icon>special://skin/extras/icons/files.png</icon>
		<thumb>https://images.pluto.tv/channels/5d14fb6c84dd37df3b4290c5/colorLogoPNG.png</thumb>
		<action>PlayMedia("plugin://slyguy.pluto.tv.provider/?_=play&amp;_play=1&amp;id=5d14fb6c84dd37df3b4290c5&amp;_is_live=1&amp;_noresume=.pvr",return)</action>
		</shortcut>
	<shortcut>
		<defaultID>3170-babysharktv</defaultID>
		<label>Baby Shark TV</label>
		<label2>Favourite</label2>
		<icon>special://skin/extras/icons/files.png</icon>
		<thumb>https://images.pluto.tv/channels/60faffc3fbbc120007fc4376/colorLogoPNG.png</thumb>
		<action>PlayMedia("plugin://slyguy.pluto.tv.provider/?_=play&amp;_play=1&amp;id=60faffc3fbbc120007fc4376&amp;_is_live=1&amp;_noresume=.pvr",return)</action>
		</shortcut>
	<shortcut>
		<defaultID>3175-nickplutotv</defaultID>
		<label>Nick Pluto TV</label>
		<label2>Favourite</label2>
		<icon>special://skin/extras/icons/files.png</icon>
		<thumb>https://images.pluto.tv/channels/5ca673e0d0bd6c2689c94ce3/colorLogoPNG-1646154941424.png</thumb>
		<action>PlayMedia("plugin://slyguy.pluto.tv.provider/?_=play&amp;_play=1&amp;id=5ca673e0d0bd6c2689c94ce3&amp;_is_live=1&amp;_noresume=.pvr",return)</action>
		</shortcut>
	<shortcut>
		<defaultID>3180-nickenespanol</defaultID>
		<label>Nick en español</label>
		<label2>Favourite</label2>
		<icon>special://skin/extras/icons/files.png</icon>
		<thumb>https://images.pluto.tv/channels/5d8d08395f39465da6fb3ec4/colorLogoPNG.png</thumb>
		<action>PlayMedia("plugin://slyguy.pluto.tv.provider/?_=play&amp;_play=1&amp;id=5d8d08395f39465da6fb3ec4&amp;_is_live=1&amp;_noresume=.pvr",return)</action>
		</shortcut>
	<shortcut>
		<defaultID>3230-transformerstv</defaultID>
		<label>Transformers TV</label>
		<label2>Favourite</label2>
		<icon>special://skin/extras/icons/files.png</icon>
		<thumb>https://images.pluto.tv/channels/60fb053712f22a0007ff14d2/colorLogoPNG.png</thumb>
		<action>PlayMedia("plugin://slyguy.pluto.tv.provider/?_=play&amp;_play=1&amp;id=60fb053712f22a0007ff14d2&amp;_is_live=1&amp;_noresume=.pvr",return)</action>
		</shortcut>
	<shortcut>
		<defaultID>3185-totallyturtles</defaultID>
		<label> TOTALLY TURTLES</label>
		<label2>Favourite</label2>
		<icon>special://skin/extras/icons/files.png</icon>
		<thumb>https://images.pluto.tv/channels/5d0c16d686454ead733d08f8/colorLogoPNG.png</thumb>
		<action>PlayMedia("plugin://slyguy.pluto.tv.provider/?_=play&amp;_play=1&amp;id=5d0c16d686454ead733d08f8&amp;_is_live=1&amp;_noresume=.pvr",return)</action>
		</shortcut>
	<shortcut>
		<defaultID>3215-legokidstv</defaultID>
		<label> LEGO Kids TV</label>
		<label2>Favourite</label2>
		<icon>special://skin/extras/icons/files.png</icon>
		<thumb>https://images.pluto.tv/channels/60fb01a24795a6000762fe83/colorLogoPNG.png</thumb>
		<action>PlayMedia("plugin://slyguy.pluto.tv.provider/?_=play&amp;_play=1&amp;id=60fb01a24795a6000762fe83&amp;_is_live=1&amp;_noresume=.pvr",return)</action>
		</shortcut>
	<shortcut>
		<defaultID>3300-garfieldandfriends</defaultID>
		<label>Garfield and Friends</label>
		<label2>Favourite</label2>
		<icon>special://skin/extras/icons/files.png</icon>
		<thumb>https://images.pluto.tv/channels/60faf9ddfcc1f200070a5932/colorLogoPNG.png</thumb>
		<action>PlayMedia("plugin://slyguy.pluto.tv.provider/?_=play&amp;_play=1&amp;id=60faf9ddfcc1f200070a5932&amp;_is_live=1&amp;_noresume=.pvr",return)</action>
		</shortcut>
	<shortcut>
		<defaultID />
		<label>NightWing Kids</label>
		<label2>Video Add-On</label2>
		<icon>DefaultShortcut.png</icon>
		<thumb>image://C%3a%5cUsers%5cUser%5cAppData%5cRoaming%5cKodi%5caddons%5cplugin.video.nightwing%5cresources%5cmedia%5cnightwing%5ckids.png/</thumb>
		<action>ActivateWindow(Videos,"plugin://plugin.video.nightwing/?action=kidsNavigator",return)</action>
		</shortcut>
	<shortcut>
		<defaultID />
		<label>Asgard</label>
		<label2>Custom item</label2>
		<icon>DefaultShortcut.png</icon>
		<thumb>image://http%3a%2f%2fnarcacist.com%2fimages%2fasg%2ficon.png/</thumb>
		<action>ActivateWindow(Videos,"plugin://plugin.video.kodiverse/?mode=189&amp;iconimage=http%3A%2F%2Fnarcacist.com%2Fimages%2Fasg%2Ficon.png&amp;fanart=http%3A%2F%2Fnarcacist.com%2Fimages%2Fasg%2Ffanart.jpg&amp;description=+&amp;url=http%3A%2F%2Fnarcacist.com%2FAddon%2Ftext%2Fkids.xml&amp;name=%5BCOLOR%3Dgoldenrod%5DKids%5B%2FCOLOR%5D&amp;image_master=&amp;heb_name=+&amp;last_id=&amp;dates=+&amp;data=+&amp;original_title=+&amp;id=&amp;season=+&amp;episode=+&amp;tmdbid=+&amp;eng_name=+&amp;show_original_year=+&amp;isr=0&amp;fav_status=false&amp;all_w=%7B%7D&amp;search_db=&amp;mypass=&amp;iconimage=http%3A%2F%2Fnarcacist.com%2Fimages%2Fasg%2Ficon.png&amp;fanart=http%3A%2F%2Fnarcacist.com%2Fimages%2Fasg%2Ffanart.jpg&amp;description=+&amp;url=http%3A%2F%2Fnarcacist.com%2FAddon%2Ftext%2Fkids.xml&amp;name=%5BCOLOR%3Dgoldenrod%5DKids%5B%2FCOLOR%5D&amp;image_master=&amp;heb_name=+&amp;last_id=&amp;dates=+&amp;data=+&amp;original_title=+&amp;id=&amp;season=+&amp;episode=+&amp;tmdbid=+&amp;eng_name=+&amp;show_original_year=+&amp;fav_status=false&amp;all_w=%7B%7D&amp;search_db=&amp;mypass=&amp;video_data=%7B%22title%22%3A+%22%5BCOLOR%3Dgoldenrod%5DKids%5B%2FCOLOR%5D%22%2C+%22mediatype%22%3A+%22movie%22%2C+%22TVshowtitle%22%3A+%22%22%2C+%22season%22%3A+0%2C+%22episode%22%3A+0%2C+%22OriginalTitle%22%3A+%22+%22%2C+%22rating%22%3A+%220%22%2C+%22plot%22%3A+%22+%22%2C+%22Tag%22%3A+%22189%22%2C+%22trailer%22%3A+%22%22%2C+%22id%22%3A+%22%22%7D&amp;video_data=%7B%22title%22%3A+%22%5BCOLOR%3Dgoldenrod%5DKids%5B%2FCOLOR%5D%22%2C+%22mediatype%22%3A+%22movie%22%2C+%22TVshowtitle%22%3A+%22%22%2C+%22season%22%3A+0%2C+%22episode%22%3A+0%2C+%22OriginalTitle%22%3A+%22+%22%2C+%22rating%22%3A+%220%22%2C+%22plot%22%3A+%22+%22%2C+%22Tag%22%3A+%22189%22%2C+%22trailer%22%3A+%22%22%2C+%22id%22%3A+%22%22%7D",return)</action>
		</shortcut>
	<shortcut>
		<defaultID />
		<label>kids boxsets</label>
		<label2>Custom item</label2>
		<icon>DefaultShortcut.png</icon>
		<thumb />
		<action>ActivateWindow(Videos,"plugin://plugin.video.kodiverse/?mode=189&amp;iconimage=http%3A%2F%2Fnarcacist.com%2FJen4k%2Fimages%2Ficon.png&amp;fanart=http%3A%2F%2Fnarcacist.com%2FJen4k%2Fimages%2Ffanart.jpg&amp;description=+&amp;url=http%3A%2F%2Fnarcacist.com%2FJen1080%2Frd%2Fkids.json&amp;name=%5BCOLOR+goldenrod%5DKids+Box+Sets%5B%2FCOLOR%5D&amp;image_master=&amp;heb_name=+&amp;last_id=&amp;dates=+&amp;data=+&amp;original_title=+&amp;id=&amp;season=+&amp;episode=+&amp;tmdbid=+&amp;eng_name=+&amp;show_original_year=+&amp;isr=0&amp;fav_status=false&amp;all_w=%7B%7D&amp;search_db=&amp;mypass=&amp;iconimage=http%3A%2F%2Fnarcacist.com%2FJen4k%2Fimages%2Ficon.png&amp;fanart=http%3A%2F%2Fnarcacist.com%2FJen4k%2Fimages%2Ffanart.jpg&amp;description=+&amp;url=http%3A%2F%2Fnarcacist.com%2FJen1080%2Frd%2Fkids.json&amp;name=%5BCOLOR+goldenrod%5DKids+Box+Sets%5B%2FCOLOR%5D&amp;image_master=&amp;heb_name=+&amp;last_id=&amp;dates=+&amp;data=+&amp;original_title=+&amp;id=&amp;season=+&amp;episode=+&amp;tmdbid=+&amp;eng_name=+&amp;show_original_year=+&amp;fav_status=false&amp;all_w=%7B%7D&amp;search_db=&amp;mypass=&amp;video_data=%7B%22title%22%3A+%22%5BCOLOR+goldenrod%5DKids+Box+Sets%5B%2FCOLOR%5D%22%2C+%22mediatype%22%3A+%22movie%22%2C+%22TVshowtitle%22%3A+%22%22%2C+%22season%22%3A+0%2C+%22episode%22%3A+0%2C+%22OriginalTitle%22%3A+%22+%22%2C+%22rating%22%3A+%220%22%2C+%22plot%22%3A+%22+%22%2C+%22Tag%22%3A+%22189%22%2C+%22trailer%22%3A+%22%22%2C+%22id%22%3A+%22%22%7D&amp;video_data=%7B%22title%22%3A+%22%5BCOLOR+goldenrod%5DKids+Box+Sets%5B%2FCOLOR%5D%22%2C+%22mediatype%22%3A+%22movie%22%2C+%22TVshowtitle%22%3A+%22%22%2C+%22season%22%3A+0%2C+%22episode%22%3A+0%2C+%22OriginalTitle%22%3A+%22+%22%2C+%22rating%22%3A+%220%22%2C+%22plot%22%3A+%22+%22%2C+%22Tag%22%3A+%22189%22%2C+%22trailer%22%3A+%22%22%2C+%22id%22%3A+%22%22%7D",return)</action>
		</shortcut>
	</shortcuts>
