<shortcuts>
	<shortcut>
		<defaultID />
		<label>F1</label>
		<label2>Elemento Personalizado</label2>
		<icon>DefaultShortcut.png</icon>
		<thumb />
		<action>ActivateWindow(Videos,"plugin://plugin.program.autowidget/?mode=path&amp;action=static&amp;group=f1_pro-1731637422.87929&amp;id=36877614-f4cf-4b53-9829-0cd39bd1dd72&amp;refresh=$INFO[Window(10000).Property(autowidget-36877614-f4cf-4b53-9829-0cd39bd1dd72-refresh)]&amp;reload=",return)</action>
		</shortcut>
	<shortcut>
		<defaultID />
		<label>TV1</label>
		<label2>Elemento Personalizado</label2>
		<icon>DefaultShortcut.png</icon>
		<thumb />
		<action>ActivateWindow(Videos,"plugin://plugin.video.aguillas.douradas.portal/?url=live&amp;mode=1&amp;name=%5BB%5DTV%5B%2FB%5D&amp;iconimage=special://home/addons%5Cplugin.video.aguillas.douradas.portal%5Cresources%5Cpic%5Cicon.png&amp;description=&amp;get_url=http%3A%2F%2Fveek.maxrsk.xyz%2Fget.php%3Fusername%3DXFWW3535496%26password%3DN6654284638%26type%3Dm3u_plus%26output%3Dm3u8",return)</action>
		</shortcut>
	<shortcut>
		<defaultID />
		<label>TV2</label>
		<label2>Elemento Personalizado</label2>
		<icon>DefaultShortcut.png</icon>
		<thumb />
		<action>ActivateWindow(Videos,"plugin://plugin.video.aguillas.douradas.portal/?url=live&amp;mode=1&amp;name=%5BB%5DTV%5B%2FB%5D&amp;iconimage=special://home/addons%5Cplugin.video.aguillas.douradas.portal%5Cresources%5Cpic%5Cicon.png&amp;description=&amp;get_url=http%3A%2F%2Ftvlatino.club%3A2082%2Fget.php%3Fusername%3D51965987%26password%3DJTMhZEwCp2MR%26type%3Dm3u_plus%26output%3Dm3u8",return)</action>
		</shortcut>
	<shortcut>
		<defaultID />
		<label>TV3</label>
		<label2>Elemento Personalizado</label2>
		<icon>DefaultShortcut.png</icon>
		<thumb />
		<action>ActivateWindow(Videos,"plugin://plugin.video.aguillas.douradas.portal/?url=live&amp;mode=1&amp;name=%5BB%5DTV%5B%2FB%5D&amp;iconimage=special://home/addons%5Cplugin.video.aguillas.douradas.portal%5Cresources%5Cpic%5Cicon.png&amp;description=&amp;get_url=http%3A%2F%2Fju.ngone.xyz%2Fget.php%3Fusername%3DBanky240914%26password%3DGDTFY38589%26type%3Dm3u_plus%26output%3Dm3u8",return)</action>
		</shortcut>
	<shortcut>
		<defaultID />
		<label>TV4</label>
		<label2>Elemento Personalizado</label2>
		<icon>DefaultShortcut.png</icon>
		<thumb />
		<action>ActivateWindow(Videos,"plugin://plugin.video.loboespada/?action=lista&amp;title=%5BB%5D%5BCOLOR+orange%5D%5BCOLORorange%5D+Espanha+%5B%2FCOLOR%5D%5B%2FCOLOR%5D%5B%2FB%5D&amp;url=http%3A%2F%2Fnew.nfnt22.xyz%3A8080%2Fget.php%3Fusername%3Djorgecalador%26password%3D5GF7Qz5cqUSB%26type%3Dm3u_plus&amp;thumbnail=https%3A%2F%2Fi.imgur.com%2FntH68nd.png&amp;plot=%5BCOLORorange%5D+Espanha+%5B%2FCOLOR%5D&amp;extra=%5BCOLORorange%5D+Espanha+%5B%2FCOLOR%5D&amp;page=",return)</action>
		</shortcut>
	</shortcuts>
