<shortcuts>
	<shortcut>
		<defaultID />
		<label>PELICULAS</label>
		<label2>Elemento Personalizado</label2>
		<icon>DefaultShortcut.png</icon>
		<thumb>special://skin/extras/icons/director.png</thumb>
		<action>PELICULAS</action>
		</shortcut>
	<shortcut>
		<defaultID />
		<label>SERIES</label>
		<label2>Elemento Personalizado</label2>
		<icon>DefaultShortcut.png</icon>
		<thumb>special://skin/extras/icons/filebox.png</thumb>
		<action>SERIES</action>
		</shortcut>
	<shortcut>
		<defaultID />
		<label>TDT</label>
		<label2>Elemento Personalizado</label2>
		<icon>DefaultShortcut.png</icon>
		<thumb>special://skin/extras/icons/livetv.png</thumb>
		<action>noop</action>
		</shortcut>
	<shortcut>
		<defaultID>colorgold-b-musicvideos-b-color</defaultID>
		<label>RADIOS</label>
		<label2>Elemento Personalizado</label2>
		<icon>special://skin/extras/icons/files.png</icon>
		<thumb>http://alphaaddon.co.uk/addon/images/musicvideos.jpg</thumb>
		<action>RADIOS</action>
		</shortcut>
	<shortcut>
		<defaultID />
		<label>DEPORTES</label>
		<label2>Elemento Personalizado</label2>
		<icon>DefaultShortcut.png</icon>
		<thumb>special://skin/extras/icons/year.png</thumb>
		<action>noop</action>
		</shortcut>
	<shortcut>
		<defaultID>addons</defaultID>
		<label>ADDON</label>
		<label2>Elemento Personalizado</label2>
		<icon>special://skin/extras/icons/addons.png</icon>
		<thumb />
		<action>ADDON</action>
		</shortcut>
	<shortcut>
		<defaultID>14202</defaultID>
		<label>SISTEMA</label>
		<label2>Elemento Personalizado</label2>
		<icon>DefaultShortcut.png</icon>
		<thumb />
		<action>SISTEMA</action>
		</shortcut>
	</shortcuts>
