<shortcuts>
	<shortcut>
		<defaultID>20126</defaultID>
		<label>20126</label>
		<label2>Power Menu Shortcut</label2>
		<icon>special://skin/extras/icons/power.png</icon>
		<thumb />
		<action>dialog.close(all,true)</action>
		<visible>System.HasLoginScreen | IntegerGreaterThan(System.ProfileCount,1)</visible>
		</shortcut>
	<shortcut>
		<defaultID>20046</defaultID>
		<label>20046</label>
		<label2>Power Menu Shortcut</label2>
		<icon>special://skin/extras/icons/power.png</icon>
		<thumb />
		<action>xbmc.mastermode</action>
		<visible>System.HasLocks</visible>
		</shortcut>
	<shortcut>
		<defaultID>13017</defaultID>
		<label>13017</label>
		<label2>Power Menu Shortcut</label2>
		<icon>special://skin/extras/icons/power.png</icon>
		<thumb />
		<action>XBMC.InhibitIdleShutdown(true)</action>
		<visible>System.HasShutdown +!System.IsInhibit</visible>
		</shortcut>
	<shortcut>
		<defaultID>13018</defaultID>
		<label>13018</label>
		<label2>Power Menu Shortcut</label2>
		<icon>special://skin/extras/icons/power.png</icon>
		<thumb />
		<action>XBMC.InhibitIdleShutdown(false)</action>
		<visible>System.HasShutdown + System.IsInhibit</visible>
		</shortcut>
	<shortcut>
		<defaultID>20151</defaultID>
		<label>20151</label>
		<label2>Power Menu Shortcut</label2>
		<icon>special://skin/extras/icons/power.png</icon>
		<thumb />
		<action>XBMC.CancelAlarm(shutdowntimer)</action>
		<visible>System.HasAlarm(shutdowntimer)</visible>
		</shortcut>
	<shortcut>
		<defaultID />
		<label>SALIR</label>
		<label2>Elemento Personalizado</label2>
		<icon>DefaultShortcut.png</icon>
		<thumb />
		<action>Quit</action>
		</shortcut>
	<shortcut>
		<defaultID>13313</defaultID>
		<label>REINICIAR</label>
		<label2>Comando Kodi</label2>
		<icon>DefaultShortcut.png</icon>
		<thumb />
		<action>RestartApp</action>
		</shortcut>
	</shortcuts>
