<shortcuts>
	<shortcut>
		<defaultID />
		<label>01 - Esp</label>
		<label2>Elemento Personalizado</label2>
		<icon>DefaultShortcut.png</icon>
		<thumb />
		<action>ActivateWindow(Videos,"plugin://plugin.video.tacones/?url=%24doregex%5Bgroupname%5D&amp;mode=17&amp;regexs=%7B%27groupname%27%3A%20%7B%27name%27%3A%20%27groupname%27%2C%20%27listrepeat%27%3A%20%27%5Cn%20%20%3Ctitle%3E%5Bgroupname.param1%5D%3C/title%3E%5Cn%20%20%3Clink%3E%24doregex%5Btvchannels%5D%3C/link%3E%5Cn%20%20%3Cthumbnail%3Ehttps%3A//i.imgur.com/6M9kUPT.png%3C/thumbnail%3E%5Cn%20%20%3Cfanart%3Ehttps%3A//i.imgur.com/dgmVSVF.jpg%3C/fanart%3E%5Cn%27%2C%20%27expres%27%3A%20%27%23%24pyFunction%5Cnimport%20re%2Crequests%5Cndef%20GetLSProData%28page_data%2CCookie_Jar%2Cm%29%3A%5Cn%20%20list%20%3D%20requests.get%28%5C%27https%3A//www.tdtchannels.com/lists/radio.m3u%5C%27%29.text%5Cn%20%20match%20%3D%20re.compile%28%5C%27group-title%3D%22%28%5B%5E%22%5D%2B%29%22%5C%27%29.findall%28list%29%5Cn%20%20seccion_list%20%3D%20%5B%5D%5Cn%20%20for%20x%20in%20match%3A%5Cn%20%20%20%20if%20x%20not%20in%20seccion_list%3A%5Cn%20%20%20%20%20%20seccion_list.append%28x%29%5Cn%20%20return%20seccion_list%5Cn%27%2C%20%27page%27%3A%20None%2C%20%27cookiejar%27%3A%20%27%27%7D%2C%20%27tvchannels%27%3A%20%7B%27name%27%3A%20%27tvchannels%27%2C%20%27listrepeat%27%3A%20%27%5Cn%20%20%3Ctitle%3E%5Btvchannels.param3%5D%3C/title%3E%5Cn%20%20%3Clink%3E%5Btvchannels.param4%5D%3C/link%3E%5Cn%20%20%3Cthumbnail%3E%5Btvchannels.param1%5D%3C/thumbnail%3E%5Cn%20%20%3Cfanart%3Ehttps%3A//i.imgur.com/dgmVSVF.jpg%3C/fanart%3E%5Cn%27%2C%20%27expres%27%3A%20%27%23%24pyFunction%5Cnimport%20re%2C%20requests%5Cndef%20GetLSProData%28page_data%2CCookie_Jar%2Cm%29%3A%5Cn%20%20list%20%3D%20requests.get%28%5C%27https%3A//www.tdtchannels.com/lists/radio.m3u%5C%27%29.text%5Cn%20%20data%20%3D%20re.findall%28%5C%27EXTINF.%2Atvg-logo%3D%22%28%5B%5E%22%5D%2B%29%22.group-title%3D%22%5Bgroupname.param1%5D%22.tvg-name%3D%22%28%5B%5E%22%5D%2B%29%22%2C%28.%2A%29%5C%5Cn%28.%2A%29%5C%27%2Clist%29%5Cn%20%20data.sort%28%29%5Cn%20%20return%20data%5Cn%27%2C%20%27page%27%3A%20None%2C%20%27cookiejar%27%3A%20%27%27%7D%7D&amp;iconimage=https%3A%2F%2Fi.imgur.com%2F6M9kUPT.png",return)</action>
		</shortcut>
	<shortcut>
		<defaultID />
		<label>02 - Videoclips</label>
		<label2>Elemento Personalizado</label2>
		<icon>DefaultShortcut.png</icon>
		<thumb />
		<action>ActivateWindow(Videos,"plugin://plugin.video.Magellan_Matrix/?url=https%3A%2F%2Fpastebin.com%2Fraw%2FdJKW2fCg&amp;mode=1&amp;name=%5BCOLOR+lime%5D+%3E+%5BCOLOR+yellow%5DM%C3%9ASICA%2FMUSIC+%5B%2FCOLOR%5D&amp;fanart=https%3A%2F%2Fcdn.wallpapersafari.com%2F23%2F15%2FCRcGqf.jpg",return)</action>
		</shortcut>
	<shortcut>
		<defaultID />
		<label>03 - Dash Music</label>
		<label2>Elemento Personalizado</label2>
		<icon>DefaultShortcut.png</icon>
		<thumb />
		<action>ActivateWindow(Music,"plugin://plugin.audio.dashradio",return)</action>
		</shortcut>
	<shortcut>
		<defaultID />
		<label>04 - Mp3 Stream</label>
		<label2>Elemento Personalizado</label2>
		<icon>DefaultShortcut.png</icon>
		<thumb />
		<action>ActivateWindow(Music,"plugin://plugin.audio.mp3streams/?url=http%3A%2F%2Fmusicmp3.ru%2Fgenres.html&amp;mode=12&amp;name=Top+Albums&amp;iconimage=special://home/addons%5Cplugin.audio.mp3streams%5Cart%2Ftopalbums.jpg&amp;list=top albums&lt;&gt;http://musicmp3.ru/genres.html&lt;&gt;C:\\Users\\FAE\\AppData\\Roaming\\Kodi\\addons\\plugin.audio.mp3streams\\art/topalbums.jpg&amp;type=",return)</action>
		</shortcut>
	<shortcut>
		<defaultID />
		<label>Es Musicales</label>
		<label2>Elemento Personalizado</label2>
		<icon>DefaultShortcut.png</icon>
		<thumb />
		<action>ActivateWindow(Videos,"plugin://plugin.video.aguillas.douradas.portal/?url=http%3A%2F%2Fju.ngone.xyz%2Fenigma2.php%3Fusername%3DBanky240914%26password%3DGDTFY38589%26type%3Dget_live_streams%26cat_id%3D163&amp;mode=2&amp;name=ES+MUSICALES&amp;iconimage=special://home/addons%5Cplugin.video.aguillas.douradas.portal%5Cicon.png&amp;description=&amp;get_url=http%3A%2F%2Fju.ngone.xyz%2Fget.php%3Fusername%3DBanky240914%26password%3DGDTFY38589%26type%3Dm3u_plus%26output%3Dm3u8",return)</action>
		</shortcut>
	</shortcuts>
