<shortcuts>
	<shortcut>
		<defaultID />
		<label>Pluto Tv</label>
		<label2>Elemento Personalizado</label2>
		<icon>DefaultShortcut.png</icon>
		<thumb />
		<action>ActivateWindow(Videos,"plugin://plugin.video.Magellan_Matrix/?url=https%3A%2F%2Fsnippet.host%2Fyfmiio%2Fraw&amp;mode=1&amp;name=%5BCOLOR+lime%5Dmagellan%3E%5BCOLOR%3Dsalmon%5D%5BB%5D%5BI%5DPluto+Tv+Espa%C3%B1a+++%28clic+%3E%3E%3E%3E+aqui%29%5B%2FI%5D%5B%2FB%5D%5B%2FCOLOR%5D&amp;fanart=http%3A%2F%2Fi.imgur.com%2FbcpZZ1S.png",return)</action>
		</shortcut>
	<shortcut>
		<defaultID />
		<label>Samsung Tv Plus</label>
		<label2>Elemento Personalizado</label2>
		<icon>DefaultShortcut.png</icon>
		<thumb />
		<action>ActivateWindow(Videos,"plugin://plugin.video.Magellan_Matrix/?url=https%3A%2F%2Fsnippet.host%2Fgxkjoc%2Fraw&amp;mode=1&amp;name=%5BCOLOR+lime%5Dmagellan%3E%5BCOLOR%3Dblue%5D%5BB%5D%5BI%5DSamsungTVPlus++%28clic+%3E%3E%3E%3E+aqui%29%5B%2FI%5D%5B%2FB%5D%5B%2FCOLOR%5D&amp;fanart=http%3A%2F%2Fi.imgur.com%2FbcpZZ1S.png",return)</action>
		</shortcut>
	<shortcut>
		<defaultID />
		<label>TDT Esp</label>
		<label2>Elemento Personalizado</label2>
		<icon>DefaultShortcut.png</icon>
		<thumb />
		<action>ActivateWindow(Videos,"plugin://plugin.video.Magellan_Matrix/?url=https%3A%2F%2Fpastebin.com%2Fraw%2FMXf7i1rP&amp;mode=1&amp;name=%5BCOLOR+lime%5Dmagellan%3E%5BCOLOR%3Dblue%5D%5BB%5D%5BI%5D4.Canales+Espa%C3%B1a%2FLatinos++%5BCOLOR+white%5D+%5B%2FCOLOR%5D++%28clic+%3E%3E%3E%3E+aqui%29%5B%2FI%5D%5B%2FB%5D%5B%2FCOLOR%5D&amp;fanart=http%3A%2F%2Fi.imgur.com%2FbcpZZ1S.png",return)</action>
		</shortcut>
	<shortcut>
		<defaultID />
		<label>Canela Tv</label>
		<label2>Elemento Personalizado</label2>
		<icon>DefaultShortcut.png</icon>
		<thumb />
		<action>ActivateWindow(Videos,"plugin://plugin.video.Magellan_Matrix/?url=https%3A%2F%2Fpastebin.com%2Fraw%2FjanM7Gnj&amp;mode=1&amp;name=%5BCOLOR+lime%5Dmagellan%3E%5BCOLOR%3Dred%5D%5BB%5D%5BI%5DCanela+Tv++%28clic+%3E%3E%3E%3E+aqui%29%5B%2FI%5D%5B%2FB%5D%5B%2FCOLOR%5D&amp;fanart=http%3A%2F%2Fi.imgur.com%2FbcpZZ1S.png",return)</action>
		</shortcut>
	<shortcut>
		<defaultID />
		<label>Otras Pla.</label>
		<label2>Elemento Personalizado</label2>
		<icon>DefaultShortcut.png</icon>
		<thumb />
		<action>ActivateWindow(Videos,"plugin://plugin.video.aguillas.douradas.portal/?url=http%3A%2F%2Fju.ngone.xyz%2Fenigma2.php%3Fusername%3DBanky240914%26password%3DGDTFY38589%26type%3Dget_live_streams%26cat_id%3D282&amp;mode=2&amp;name=ES+OTRAS+PLATAFORMAS&amp;iconimage=special://home/addons%5Cplugin.video.aguillas.douradas.portal%5Cicon.png&amp;description=&amp;get_url=http%3A%2F%2Fju.ngone.xyz%2Fget.php%3Fusername%3DBanky240914%26password%3DGDTFY38589%26type%3Dm3u_plus%26output%3Dm3u8",return)</action>
		</shortcut>
	<shortcut>
		<defaultID />
		<label>TDT Lobo</label>
		<label2>Elemento Personalizado</label2>
		<icon>DefaultShortcut.png</icon>
		<thumb />
		<action>ActivateWindow(Videos,"plugin://plugin.video.loboespada/?action=resolve_lista&amp;title=%5BB%5D%5BCAPITALIZE%5D%5BCOLOR+white%5D%E2%96%86+%E2%96%87+tdt+espa%C3%B1a+%E2%96%87+%E2%96%86%5B%2FCOLOR%5D%5B%2FCAPITALIZE%5D%5B%2FB%5D&amp;url=http%3A%2F%2Fnew.nfnt22.xyz%3A8080%2Fget.php%3Fusername%3Djorgecalador%26password%3D5GF7Qz5cqUSB%26type%3Dm3u_plus&amp;thumbnail=https%3A%2F%2Fi.imgur.com%2F5LUViO0.jpg&amp;plot=%E2%96%86+%E2%96%87+tdt+espa%C3%B1a+%E2%96%87+%E2%96%86&amp;extra=%E2%96%86+%E2%96%87+TDT+Espa%C3%B1a+%E2%96%87+%E2%96%86&amp;page=",return)</action>
		</shortcut>
	<shortcut>
		<defaultID />
		<label>M+ Pelis</label>
		<label2>Elemento Personalizado</label2>
		<icon>DefaultShortcut.png</icon>
		<thumb />
		<action>ActivateWindow(Videos,"plugin://plugin.video.loboespada/?action=resolve_lista&amp;title=%5BB%5D%5BCAPITALIZE%5D%5BCOLOR+white%5D%E2%96%86+%E2%96%87+m.+pel%C3%ADculas+y+series+%E2%96%87+%E2%96%86%5B%2FCOLOR%5D%5B%2FCAPITALIZE%5D%5B%2FB%5D&amp;url=http%3A%2F%2Fnew.nfnt22.xyz%3A8080%2Fget.php%3Fusername%3Djorgecalador%26password%3D5GF7Qz5cqUSB%26type%3Dm3u_plus&amp;thumbnail=https%3A%2F%2Fi.imgur.com%2F5LUViO0.jpg&amp;plot=%E2%96%86+%E2%96%87+m.+pel%C3%ADculas+y+series+%E2%96%87+%E2%96%86&amp;extra=%E2%96%86+%E2%96%87+M.+PEL%C3%8DCULAS+Y+SERIES+%E2%96%87+%E2%96%86&amp;page=",return)</action>
		</shortcut>
	<shortcut>
		<defaultID />
		<label>Entretenimiento</label>
		<label2>Elemento Personalizado</label2>
		<icon>DefaultShortcut.png</icon>
		<thumb />
		<action>ActivateWindow(Videos,"plugin://plugin.video.loboespada/?action=resolve_lista&amp;title=%5BB%5D%5BCAPITALIZE%5D%5BCOLOR+white%5Dcanales-entretenimiento%5B%2FCOLOR%5D%5B%2FCAPITALIZE%5D%5B%2FB%5D&amp;url=http%3A%2F%2Ffuxxion.vip%3A8080%2Fget.php%3Fusername%3DFJM4276246%26password%3DL2XdhvywSI%26type%3Dm3u_plus%26output%3Dmpegts&amp;thumbnail=https%3A%2F%2Fi.imgur.com%2F5LUViO0.jpg&amp;plot=canales-entretenimiento&amp;extra=CANALES-ENTRETENIMIENTO&amp;page=",return)</action>
		</shortcut>
	</shortcuts>
