{
  "hash": "3ccbf1c18e3511ca63519194c0755f21eab3ededc6b2ca87a75765887fca7acc",
  "timestamp": 1693634850.5980568,
  "results": [
    {
      "service_name": "opensubtitles",
      "service": "OpenSubtitles",
      "lang": "English",
      "name": "Indiana.Jones.and.the.Dial.of.Destiny.2023.1080p.WEB-DL.DDP5.1.Atmos.H.264 (Forced).srt",
      "rating": 0,
      "lang_code": "en",
      "sync": "false",
      "impaired": "false",
      "color": "springgreen",
      "action_args": {
        "url": "https://dl.opensubtitles.org/en/download/src-api/vrf-f57e0bbc/sub/9694700",
        "lang": "English",
        "filename": "Indiana.Jones.and.the.Dial.of.Destiny.2023.1080p.WEB-DL.DDP5.1.Atmos.H.264 (Forced).srt"
      }
    },
    {
      "service_name": "subscene",
      "service": "Subscene",
      "lang": "English",
      "name": "Indiana.Jones.and.the.Dial.of.Destiny.2023.1080p.WEB-DL.DDP5.1.Atmos.H.264 (Forced).srt",
      "rating": 0,
      "lang_code": "en",
      "sync": "false",
      "impaired": "false",
      "color": "dodgerblue",
      "action_args": {
        "url": "https://subscene.com/subtitles/indiana-jones-and-the-dial-of-destiny/english/3160147",
        "lang": "english",
        "filename": "Indiana.Jones.and.the.Dial.of.Destiny.2023.1080p.WEB-DL.DDP5.1.Atmos.H.264 (Forced).srt",
        "episodeid": ""
      }
    },
    {
      "service_name": "subscene",
      "service": "Subscene",
      "lang": "English",
      "name": "Indiana Jones And The Dial Of Destiny (2023) [1080p] [WEBRip] [YTS.MX].srt",
      "rating": 0,
      "lang_code": "en",
      "sync": "false",
      "impaired": "false",
      "color": "dodgerblue",
      "action_args": {
        "url": "https://subscene.com/subtitles/indiana-jones-and-the-dial-of-destiny/english/3160369",
        "lang": "english",
        "filename": "Indiana Jones And The Dial Of Destiny (2023) [1080p] [WEBRip] [YTS.MX].srt",
        "episodeid": ""
      }
    },
    {
      "service_name": "opensubtitles",
      "service": "OpenSubtitles",
      "lang": "English",
      "name": "Indiana.Jones.and.the.Dial.of.Destiny.2023.1080p.WEB-DL.DDP5.1.Atmos.H.264 (v2).srt",
      "rating": 4,
      "lang_code": "en",
      "sync": "false",
      "impaired": "false",
      "color": "springgreen",
      "action_args": {
        "url": "https://dl.opensubtitles.org/en/download/src-api/vrf-f5700bbe/sub/9674065",
        "lang": "English",
        "filename": "Indiana.Jones.and.the.Dial.of.Destiny.2023.1080p.WEB-DL.DDP5.1.Atmos.H.264 (v2).srt"
      }
    },
    {
      "service_name": "subscene",
      "service": "Subscene",
      "lang": "English",
      "name": "Indiana.Jones.and.the.Dial.of.Destiny.2023.1080p.WEB-DL.DDP5.1.Atmos.H.264 (v2).srt",
      "rating": 0,
      "lang_code": "en",
      "sync": "false",
      "impaired": "false",
      "color": "dodgerblue",
      "action_args": {
        "url": "https://subscene.com/subtitles/indiana-jones-and-the-dial-of-destiny/english/3160210",
        "lang": "english",
        "filename": "Indiana.Jones.and.the.Dial.of.Destiny.2023.1080p.WEB-DL.DDP5.1.Atmos.H.264 (v2).srt",
        "episodeid": ""
      }
    },
    {
      "service_name": "subscene",
      "service": "Subscene",
      "lang": "English",
      "name": "Indiana.Jones.and.the.Dial.of.Destiny.2023.1080p.WEB-DL.DDP5.1.Atmos.H.264 (v2).srt",
      "rating": 0,
      "lang_code": "en",
      "sync": "false",
      "impaired": "false",
      "color": "dodgerblue",
      "action_args": {
        "url": "https://subscene.com/subtitles/indiana-jones-and-the-dial-of-destiny/english/3160146",
        "lang": "english",
        "filename": "Indiana.Jones.and.the.Dial.of.Destiny.2023.1080p.WEB-DL.DDP5.1.Atmos.H.264 (v2).srt",
        "episodeid": ""
      }
    },
    {
      "service_name": "opensubtitles",
      "service": "OpenSubtitles",
      "lang": "English",
      "name": "Indiana.Jones.and.the.Dial.of.Destiny.2023.1080p.WEB-DL.DDP5.1.Atmos.H.264 (SDH) (v2).srt",
      "rating": 5,
      "lang_code": "en",
      "sync": "false",
      "impaired": "true",
      "color": "springgreen",
      "action_args": {
        "url": "https://dl.opensubtitles.org/en/download/src-api/vrf-f57e0bc3/sub/9684195",
        "lang": "English",
        "filename": "Indiana.Jones.and.the.Dial.of.Destiny.2023.1080p.WEB-DL.DDP5.1.Atmos.H.264 (SDH) (v2).srt"
      }
    },
    {
      "service_name": "subscene",
      "service": "Subscene",
      "lang": "English",
      "name": "Indiana.Jones.And.The.Dial.Of.Destiny.2023.720p.WEBRip.x264.AAC-YTS.MX.srt",
      "rating": 0,
      "lang_code": "en",
      "sync": "false",
      "impaired": "false",
      "color": "dodgerblue",
      "action_args": {
        "url": "https://subscene.com/subtitles/indiana-jones-and-the-dial-of-destiny/english/3160346",
        "lang": "english",
        "filename": "Indiana.Jones.And.The.Dial.Of.Destiny.2023.720p.WEBRip.x264.AAC-YTS.MX.srt",
        "episodeid": ""
      }
    },
    {
      "service_name": "subscene",
      "service": "Subscene",
      "lang": "English",
      "name": "Indiana.Jones.And.The.Dial.Of.Destiny.2023.720p.WEBRip.x264.AAC-[YTS.MX].srt",
      "rating": 0,
      "lang_code": "en",
      "sync": "false",
      "impaired": "false",
      "color": "dodgerblue",
      "action_args": {
        "url": "https://subscene.com/subtitles/indiana-jones-and-the-dial-of-destiny/english/3160582",
        "lang": "english",
        "filename": "Indiana.Jones.And.The.Dial.Of.Destiny.2023.720p.WEBRip.x264.AAC-[YTS.MX].srt",
        "episodeid": ""
      }
    },
    {
      "service_name": "subscene",
      "service": "Subscene",
      "lang": "English",
      "name": "Indiana.Jones.And.The.Dial.Of.Destiny.2023.1080p.WEBRip.x264.AAC5.1-[YTS.MX].srt",
      "rating": 0,
      "lang_code": "en",
      "sync": "false",
      "impaired": "false",
      "color": "dodgerblue",
      "action_args": {
        "url": "https://subscene.com/subtitles/indiana-jones-and-the-dial-of-destiny/english/3161479",
        "lang": "english",
        "filename": "Indiana.Jones.And.The.Dial.Of.Destiny.2023.1080p.WEBRip.x264.AAC5.1-[YTS.MX].srt",
        "episodeid": ""
      }
    },
    {
      "service_name": "subscene",
      "service": "Subscene",
      "lang": "English",
      "name": "Indiana.Jones.and.the.Dial.of.Destiny.2023.1080p.WEB-DL.DDP5.1.Atmos.x264-AOC.srt",
      "rating": 0,
      "lang_code": "en",
      "sync": "false",
      "impaired": "false",
      "color": "dodgerblue",
      "action_args": {
        "url": "https://subscene.com/subtitles/indiana-jones-and-the-dial-of-destiny/english/3162402",
        "lang": "english",
        "filename": "Indiana.Jones.and.the.Dial.of.Destiny.2023.1080p.WEB-DL.DDP5.1.Atmos.x264-AOC.srt",
        "episodeid": ""
      }
    },
    {
      "service_name": "subscene",
      "service": "Subscene",
      "lang": "English",
      "name": "Indiana Jones and the Dial of Destiny 2023 1080p WEB-DL DDP5 1 Atmos x264-AOC.srt",
      "rating": 0,
      "lang_code": "en",
      "sync": "false",
      "impaired": "false",
      "color": "dodgerblue",
      "action_args": {
        "url": "https://subscene.com/subtitles/indiana-jones-and-the-dial-of-destiny/english/3160263",
        "lang": "english",
        "filename": "Indiana Jones and the Dial of Destiny 2023 1080p WEB-DL DDP5 1 Atmos x264-AOC.srt",
        "episodeid": ""
      }
    },
    {
      "service_name": "subscene",
      "service": "Subscene",
      "lang": "English",
      "name": "Indiana.Jones.And.The.Dial.Of.Destiny.WEB.h264-RBB.srt",
      "rating": 0,
      "lang_code": "en",
      "sync": "false",
      "impaired": "false",
      "color": "dodgerblue",
      "action_args": {
        "url": "https://subscene.com/subtitles/indiana-jones-and-the-dial-of-destiny/english/3161922",
        "lang": "english",
        "filename": "Indiana.Jones.And.The.Dial.Of.Destiny.WEB.h264-RBB.srt",
        "episodeid": ""
      }
    },
    {
      "service_name": "subscene",
      "service": "Subscene",
      "lang": "English",
      "name": "IIndiana.Jones.And.The.Dial.Of.Destiny.2023.WEB-DL.1080p.720p.x264.srt",
      "rating": 0,
      "lang_code": "en",
      "sync": "false",
      "impaired": "false",
      "color": "dodgerblue",
      "action_args": {
        "url": "https://subscene.com/subtitles/indiana-jones-and-the-dial-of-destiny/english/3160301",
        "lang": "english",
        "filename": "IIndiana.Jones.And.The.Dial.Of.Destiny.2023.WEB-DL.1080p.720p.x264.srt",
        "episodeid": ""
      }
    },
    {
      "service_name": "podnadpisi",
      "service": "Podnadpisi",
      "lang": "English",
      "name": "Indiana.Jones.and.the.Dial.of.Destiny.2023.720p.WEBRip.900MB.x264-GalaxyRG.srt",
      "rating": 0,
      "lang_code": "en",
      "sync": "false",
      "impaired": "true",
      "color": "orange",
      "action_args": {
        "url": "https://www.podnapisi.net/en/subtitles/en-indiana-jones-and-the-dial-of-destiny-2023/kd5H/download",
        "lang": "English",
        "filename": "Indiana.Jones.and.the.Dial.of.Destiny.2023.720p.WEBRip.900MB.x264-GalaxyRG.srt"
      }
    },
    {
      "service_name": "podnadpisi",
      "service": "Podnadpisi",
      "lang": "English",
      "name": "Indiana.Jones.and.the.Dial.of.Destiny.2023.720p.WEBRip.900MB.x264-GalaxyRG.srt",
      "rating": 0,
      "lang_code": "en",
      "sync": "false",
      "impaired": "false",
      "color": "orange",
      "action_args": {
        "url": "https://www.podnapisi.net/en/subtitles/en-indiana-jones-and-the-dial-of-destiny-2023/kN5H/download",
        "lang": "English",
        "filename": "Indiana.Jones.and.the.Dial.of.Destiny.2023.720p.WEBRip.900MB.x264-GalaxyRG.srt"
      }
    },
    {
      "service_name": "subscene",
      "service": "Subscene",
      "lang": "English",
      "name": "Indiana.Jones.and.the.Dial.of.Destiny.2023.1080p.WEB-DL.DDP5.1.Atmos.H.264.srt",
      "rating": 0,
      "lang_code": "en",
      "sync": "false",
      "impaired": "false",
      "color": "dodgerblue",
      "action_args": {
        "url": "https://subscene.com/subtitles/indiana-jones-and-the-dial-of-destiny/english/3152791",
        "lang": "english",
        "filename": "Indiana.Jones.and.the.Dial.of.Destiny.2023.1080p.WEB-DL.DDP5.1.Atmos.H.264.srt",
        "episodeid": ""
      }
    },
    {
      "service_name": "subscene",
      "service": "Subscene",
      "lang": "English",
      "name": "Indiana.Jones.and.the.Dial.of.Destiny.2023.1080p.WEB-DL.DDP5.1.Atmos.H.264.srt",
      "rating": 0,
      "lang_code": "en",
      "sync": "false",
      "impaired": "false",
      "color": "dodgerblue",
      "action_args": {
        "url": "https://subscene.com/subtitles/indiana-jones-and-the-dial-of-destiny/english/3146461",
        "lang": "english",
        "filename": "Indiana.Jones.and.the.Dial.of.Destiny.2023.1080p.WEB-DL.DDP5.1.Atmos.H.264.srt",
        "episodeid": ""
      }
    },
    {
      "service_name": "subscene",
      "service": "Subscene",
      "lang": "English",
      "name": "Indiana Jones and the Dial of Destiny 2023 1080p WEB-DL DDP Atmos 5.1 H.265-4LHD.srt",
      "rating": 0,
      "lang_code": "en",
      "sync": "false",
      "impaired": "false",
      "color": "dodgerblue",
      "action_args": {
        "url": "https://subscene.com/subtitles/indiana-jones-and-the-dial-of-destiny/english/3160441",
        "lang": "english",
        "filename": "Indiana Jones and the Dial of Destiny 2023 1080p WEB-DL DDP Atmos 5.1 H.265-4LHD.srt",
        "episodeid": ""
      }
    },
    {
      "service_name": "subscene",
      "service": "Subscene",
      "lang": "English",
      "name": "Indiana.Jones.and.the.Dial.of.Destiny.2023.1080p.V2.CAM.x264.Will1869.srt",
      "rating": 0,
      "lang_code": "en",
      "sync": "false",
      "impaired": "false",
      "color": "dodgerblue",
      "action_args": {
        "url": "https://subscene.com/subtitles/indiana-jones-and-the-dial-of-destiny/english/3147961",
        "lang": "english",
        "filename": "Indiana.Jones.and.the.Dial.of.Destiny.2023.1080p.V2.CAM.x264.Will1869.srt",
        "episodeid": ""
      }
    }
  ]
}