{
  "year": "2023",
  "season": "",
  "episode": "",
  "tvshow": "",
  "tvshow_year": "",
  "title": "Indiana Jones and the Dial of Destiny",
  "filename": "master.m3u8?t=Pj47NFwIIQSPOfcg1YlD2NQeWMKKRNLXh2TnFH_S_Xs&s=1693634820&e=129600&f=4413199&srv=taxgtjdtpvoq&i=0.4&sp=500&p1=taxgtjdtpvoq&p2=taxgtjdtpvoq&asn=7922|User-Agent=Mozilla/5.0+(Windows+NT+10.0;+Win64;+x64)+AppleWebKit/537.36+(KHTML,+like+Gecko)+Chrome/70.0.3538.102+Safari/537.36+Edge/18.18363&Referer=https://mwish.pro/&Origin=https://mwish.pro",
  "filename_without_ext": "master.m3u8?t=Pj47NFwIIQSPOfcg1YlD2NQeWMKKRNLXh2TnFH_S_Xs&s=1693634820&e=129600&f=4413199&srv=taxgtjdtpvoq&i=0.4&sp=500&p1=taxgtjdtpvoq&p2=taxgtjdtpvoq&asn=7922|User-Agent=Mozilla/5.0+(Windows+NT+10.0;+Win64;+x64)+AppleWebKit/537.36+(KHTML,+like+Gecko)+Chrome/70.0.3538.102+Safari/537.36+Edge/18.18363&Referer=https://mwish.pro/&Origin=https://mwish",
  "imdb_id": "tt1462764",
  "filesize": "0",
  "filehash": ""
}