<?xml version='1.0' encoding='UTF-8' standalone='yes'?>
<addon id="script.module.looptv1" name="Loop TV 1" version="110+matrix" provider-name="@munkee and RACC">
  <requires>
    <import addon="xbmc.python" version="3.0.0"/>
    <import addon="script.module.pycryptodome"/>
    <import addon="script.module.dateutil"/>
    <import addon="script.module.pyamf"/>
    <import addon="script.module.kodi-six"/>
    <import addon="script.module.future"/>
    <import addon="script.module.requests"/>
    <import addon="script.module.routing"/>
  </requires>
  <extension point="xbmc.python.pluginsource" library="addon.py">
    <provides>all</provides>
  </extension>
  <extension point="xbmc.addon.metadata">
    <reuselanguageinvoker>true</reuselanguageinvoker>
    <summary lang="en_gb">Loop TV 1</summary>
    <description lang="en_gb">Loop TV 1 - All credit to RACC for Base Code</description>
    <disclaimer lang="en_gb"/>
    <language/>
    <platform>all</platform>
    <license>GPL-3.0-only</license>
    <assets>
            <icon>icon.png</icon>
            <fanart>fanart.jpg</fanart> 
    </assets>
    <forum/>
    <website/>
    <email/>
    <source/>
    <assets/>
  </extension>
</addon>
