<?xml version="1.0" encoding="UTF-8" standalone="yes"?>
<addon id="script.module.tzdata" name="tzdata" version="2023.3.0+matrix.1" provider-name="Python Software Foundation">
  <requires>
    <import addon="xbmc.python" version="3.0.0" />
  </requires>
  <extension point="xbmc.python.module" library="lib" />
  <extension point="xbmc.addon.metadata">
    <summary lang="en_GB">Provider of IANA time zone data</summary>
    <description lang="en_GB">This is a Python package containing zic-compiled binaries for the IANA time zone database. It is intended to be a fallback for systems that do not have system time zone data installed</description>
    <platform>all</platform>
    <license>Apache-2.0</license>
    <website>https://pypi.org/project/tzdata/</website>
    <source>https://github.com/python/tzdata</source>
    <assets>
      <icon>resources/icon.png</icon>
    </assets>
  </extension>
</addon>
