{
    "access_manager": {
        "current_user": 0,
        "developers": {},
        "last_origin": "plugin.video.youtube",
        "users": {
            "0": {
                "access_token": "",
                "id": "d08f8884d048432694f29b96fd9ec5dd",
                "last_key_hash": "d41d8cd98f00b204e9800998ecf8427e",
                "name": "Default",
                "refresh_token": "",
                "token_expires": -1,
                "watch_history": "HL",
                "watch_later": " WL"
            }
        }
    }
}