<shortcuts>
	<shortcut>
		<defaultID />
		<label>Search TV shows</label>
		<label2>Custom item</label2>
		<icon>DefaultShortcut.png</icon>
		<thumb>image://C%3a%5cUsers%5cUser%5cAppData%5cRoaming%5cKodi%5caddons%5cplugin.video.themoviedb.helper%5c%2fresources%2ficons%2ftmdb%2fsearch.png/</thumb>
		<action>ActivateWindow(Videos,"plugin://plugin.video.themoviedb.helper/?info=search&amp;tmdb_type=tv&amp;widget=true&amp;reload=$INFO[Window(Home).Property(TMDbHelper.Widgets.Reload)]",return)</action>
		</shortcut>
	<shortcut>
		<defaultID>plugin.video.homelander</defaultID>
		<label>Homelander</label>
		<label2>Video Add-On</label2>
		<icon>DefaultShortcut.png</icon>
		<thumb>thumb</thumb>
		<action>ActivateWindow(Videos,"plugin://plugin.video.homelander",return)</action>
		</shortcut>
	<shortcut>
		<defaultID />
		<label>Asgard</label>
		<label2>Custom item</label2>
		<icon>DefaultShortcut.png</icon>
		<thumb>image://http%3a%2f%2fnarcacist.com%2fimages%2fasg%2ficon.png/</thumb>
		<action>ActivateWindow(Videos,"plugin://plugin.video.asgard/?mode=189&amp;iconimage=https%3A%2F%2Fmylostsoulspace.co.uk%2Fimages%2Fasg%2Ficon.png&amp;fanart=https%3A%2F%2Fmylostsoulspace.co.uk%2Fimages%2Fasg%2Ffanart.jpg&amp;description=+&amp;url=https%3A%2F%2Fmylostsoulspace.co.uk%2FAddon-1%2FAddon%2Ftext%2Frd%2Ffree%2Ffree+tvshows.xml&amp;name=%5BCOLOR%3Dgoldenrod%5DTV+Shows%5B%2FCOLOR%5D&amp;image_master=&amp;heb_name=+&amp;last_id=&amp;dates=+&amp;data=&amp;original_title=%5BCOLOR%3Dgoldenrod%5DTV+Shows%5B%2FCOLOR%5D&amp;id=&amp;season=+&amp;episode=+&amp;tmdbid=+&amp;eng_name=+&amp;show_original_year=+&amp;isr=0&amp;fav_status=false&amp;all_w=%7B%7D&amp;search_db=&amp;mypass=&amp;iconimage=https%3A%2F%2Fmylostsoulspace.co.uk%2Fimages%2Fasg%2Ficon.png&amp;fanart=https%3A%2F%2Fmylostsoulspace.co.uk%2Fimages%2Fasg%2Ffanart.jpg&amp;description=+&amp;url=https%3A%2F%2Fmylostsoulspace.co.uk%2FAddon-1%2FAddon%2Ftext%2Frd%2Ffree%2Ffree+tvshows.xml&amp;name=%5BCOLOR%3Dgoldenrod%5DTV+Shows%5B%2FCOLOR%5D&amp;image_master=&amp;heb_name=+&amp;last_id=&amp;dates=+&amp;data=&amp;original_title=%5BCOLOR%3Dgoldenrod%5DTV+Shows%5B%2FCOLOR%5D&amp;id=&amp;season=+&amp;episode=+&amp;tmdbid=+&amp;eng_name=+&amp;show_original_year=+&amp;fav_status=false&amp;all_w=%7B%7D&amp;search_db=&amp;mypass=&amp;video_data=%7B%22title%22%3A+%22%5BCOLOR%3Dgoldenrod%5DTV+Shows%5B%2FCOLOR%5D%22%2C+%22mediatype%22%3A+%22movie%22%2C+%22TVshowtitle%22%3A+%22%22%2C+%22season%22%3A+0%2C+%22episode%22%3A+0%2C+%22OriginalTitle%22%3A+%22%5BCOLOR%3Dgoldenrod%5DTV+Shows%5B%2FCOLOR%5D%22%2C+%22year%22%3A+%22%22%2C+%22rating%22%3A+%220%22%2C+%22plot%22%3A+%22+%22%2C+%22Tag%22%3A+%22189%22%2C+%22trailer%22%3A+%22%22%2C+%22id%22%3A+%22%22%7D&amp;video_data=%7B%22title%22%3A+%22%5BCOLOR%3Dgoldenrod%5DTV+Shows%5B%2FCOLOR%5D%22%2C+%22mediatype%22%3A+%22movie%22%2C+%22TVshowtitle%22%3A+%22%22%2C+%22season%22%3A+0%2C+%22episode%22%3A+0%2C+%22OriginalTitle%22%3A+%22%5BCOLOR%3Dgoldenrod%5DTV+Shows%5B%2FCOLOR%5D%22%2C+%22year%22%3A+%22%22%2C+%22rating%22%3A+%220%22%2C+%22plot%22%3A+%22+%22%2C+%22Tag%22%3A+%22189%22%2C+%22trailer%22%3A+%22%22%2C+%22id%22%3A+%22%22%7D",return)</action>
		</shortcut>
	<shortcut>
		<defaultID>plugin.video.shazam</defaultID>
		<label>Shazam</label>
		<label2>Video Add-On</label2>
		<icon>DefaultShortcut.png</icon>
		<thumb>thumb</thumb>
		<action>ActivateWindow(Videos,"plugin://plugin.video.shazam",return)</action>
		</shortcut>
	<shortcut>
		<defaultID />
		<label>MD Latest Episodes [RD]</label>
		<label2>Video Add-On</label2>
		<icon>DefaultShortcut.png</icon>
		<thumb>image://https%3a%2f%2fi.imgur.com%2fdm1Tk83.png/</thumb>
		<action>ActivateWindow(Videos,"plugin://plugin.video.magicdragon/?mode=189&amp;iconimage=https%3A%2F%2Fi.imgur.com%2Fdm1Tk83.png&amp;fanart=https%3A%2F%2Fi.imgur.com%2FU5nKN8r.jpg&amp;description=%5BB%5D%5BCOLORyellow%5DMagic+Dragon+Latest+Episodes+%2F+Seasons%5B%2FB%5D%5B%2FCOLOR%5D&amp;url=https%3A%2F%2Fraw.githubusercontent.com%2Ftombebbs1%2FMagicDragonKodi18%2Fmaster%2Foldepisodes1.xml&amp;name=%5BB%5D%5BCOLORyellow%5DMD+Latest+Episodes+%2F+Seasons%5BCOLORwhite%5D++RD+Only%5B%2FCOLOR%5D%5B%2FB%5D%5B%2FCOLOR%5D&amp;image_master=&amp;heb_name=+&amp;last_id=&amp;dates=+&amp;data=+&amp;original_title=+&amp;id=+&amp;season=+&amp;episode=+&amp;tmdbid=+&amp;eng_name=+&amp;show_original_year=+&amp;isr=0&amp;fav_status=false&amp;all_w=%7B%7D&amp;search_db=&amp;mypass=&amp;iconimage=https%3A%2F%2Fi.imgur.com%2Fdm1Tk83.png&amp;fanart=https%3A%2F%2Fi.imgur.com%2FU5nKN8r.jpg&amp;description=%5BB%5D%5BCOLORyellow%5DMagic+Dragon+Latest+Episodes+%2F+Seasons%5B%2FB%5D%5B%2FCOLOR%5D&amp;url=https%3A%2F%2Fraw.githubusercontent.com%2Ftombebbs1%2FMagicDragonKodi18%2Fmaster%2Foldepisodes1.xml&amp;name=%5BB%5D%5BCOLORyellow%5DMD+Latest+Episodes+%2F+Seasons%5BCOLORwhite%5D++RD+Only%5B%2FCOLOR%5D%5B%2FB%5D%5B%2FCOLOR%5D&amp;image_master=&amp;heb_name=+&amp;last_id=&amp;dates=+&amp;data=+&amp;original_title=+&amp;id=+&amp;season=+&amp;episode=+&amp;tmdbid=+&amp;eng_name=+&amp;show_original_year=+&amp;fav_status=false&amp;all_w=%7B%7D&amp;search_db=&amp;mypass=&amp;video_data=%7B%22title%22%3A+%22%5BB%5D%5BCOLORyellow%5DMD+Latest+Episodes+%2F+Seasons%5BCOLORwhite%5D++RD+Only%5B%2FCOLOR%5D%5B%2FB%5D%5B%2FCOLOR%5D%22%2C+%22mediatype%22%3A+%22movie%22%2C+%22TVshowtitle%22%3A+%22%22%2C+%22season%22%3A+0%2C+%22episode%22%3A+0%2C+%22OriginalTitle%22%3A+%22+%22%2C+%22rating%22%3A+%220%22%2C+%22plot%22%3A+%22%5BB%5D%5BCOLORyellow%5DMagic+Dragon+Latest+Episodes+%2F+Seasons%5B%2FB%5D%5B%2FCOLOR%5D%22%2C+%22Tag%22%3A+%22None%22%2C+%22id%22%3A+%22+%22%7D&amp;video_data=%7B%22title%22%3A+%22%5BB%5D%5BCOLORyellow%5DMD+Latest+Episodes+%2F+Seasons%5BCOLORwhite%5D++RD+Only%5B%2FCOLOR%5D%5B%2FB%5D%5B%2FCOLOR%5D%22%2C+%22mediatype%22%3A+%22movie%22%2C+%22TVshowtitle%22%3A+%22%22%2C+%22season%22%3A+0%2C+%22episode%22%3A+0%2C+%22OriginalTitle%22%3A+%22+%22%2C+%22rating%22%3A+%220%22%2C+%22plot%22%3A+%22%5BB%5D%5BCOLORyellow%5DMagic+Dragon+Latest+Episodes+%2F+Seasons%5B%2FB%5D%5B%2FCOLOR%5D%22%2C+%22Tag%22%3A+%22None%22%2C+%22id%22%3A+%22+%22%7D",return)</action>
		</shortcut>
	<shortcut>
		<defaultID />
		<label>Genocide</label>
		<label2>Video Add-On</label2>
		<icon>DefaultShortcut.png</icon>
		<thumb>image://C%3a%5cUsers%5cUser%5cAppData%5cRoaming%5cKodi%5caddons%5cplugin.video.Genocide%5cresources%5cartwork%2fshows.png/</thumb>
		<action>ActivateWindow(Videos,"plugin://plugin.video.Genocide/?mode=3&amp;iconimage=special://home/addons%5Cplugin.video.Genocide%5Cresources%5Cartwork%2Fshows.png&amp;fanart=special://home/addons%5Cplugin.video.Genocide%5Cresources%5Cartwork%2Ffanart1.jpg&amp;description=TV&amp;url=www&amp;name=TV+Shows&amp;image_master=&amp;heb_name=+&amp;last_id=&amp;dates=+&amp;data=+&amp;original_title=+&amp;id=+&amp;season=+&amp;episode=+&amp;tmdbid=+&amp;eng_name=+&amp;show_original_year=+&amp;isr=0&amp;fav_status=false&amp;all_w=%7B%7D&amp;search_db=&amp;mypass=&amp;iconimage=special://home/addons%5Cplugin.video.Genocide%5Cresources%5Cartwork%2Fshows.png&amp;fanart=special://home/addons%5Cplugin.video.Genocide%5Cresources%5Cartwork%2Ffanart1.jpg&amp;description=TV&amp;url=www&amp;name=TV+Shows&amp;image_master=&amp;heb_name=+&amp;last_id=&amp;dates=+&amp;data=+&amp;original_title=+&amp;id=+&amp;season=+&amp;episode=+&amp;tmdbid=+&amp;eng_name=+&amp;show_original_year=+&amp;fav_status=false&amp;all_w=%7B%7D&amp;search_db=&amp;mypass=&amp;video_data=%7B%22title%22%3A+%22TV+Shows%22%2C+%22mediatype%22%3A+%22movie%22%2C+%22TVshowtitle%22%3A+%22%22%2C+%22season%22%3A+0%2C+%22episode%22%3A+0%2C+%22OriginalTitle%22%3A+%22+%22%2C+%22rating%22%3A+%220%22%2C+%22plot%22%3A+%22TV%22%2C+%22Tag%22%3A+%22None%22%2C+%22id%22%3A+%22+%22%7D&amp;video_data=%7B%22title%22%3A+%22TV+Shows%22%2C+%22mediatype%22%3A+%22movie%22%2C+%22TVshowtitle%22%3A+%22%22%2C+%22season%22%3A+0%2C+%22episode%22%3A+0%2C+%22OriginalTitle%22%3A+%22+%22%2C+%22rating%22%3A+%220%22%2C+%22plot%22%3A+%22TV%22%2C+%22Tag%22%3A+%22None%22%2C+%22id%22%3A+%22+%22%7D",return)</action>
		</shortcut>
	<shortcut>
		<defaultID>plugin.video.thecrew</defaultID>
		<label>The Crew</label>
		<label2>Custom item</label2>
		<icon>DefaultShortcut.png</icon>
		<thumb>thumb</thumb>
		<action>ActivateWindow(Videos,"plugin://plugin.video.thecrew/?action=tvNavigator",return)</action>
		</shortcut>
	<shortcut>
		<defaultID />
		<label>TMDB</label>
		<label2>Video Add-On</label2>
		<icon>DefaultShortcut.png</icon>
		<thumb>thumb</thumb>
		<action>ActivateWindow(Videos,"plugin://plugin.video.themoviedb.helper/?info=dir_tv&amp;tmdb_type=None&amp;widget=true&amp;reload=$INFO[Window(Home).Property(TMDbHelper.Widgets.Reload)]",return)</action>
		</shortcut>
	<shortcut>
		<defaultID />
		<label>NightWing</label>
		<label2>Video Add-On</label2>
		<icon>DefaultShortcut.png</icon>
		<thumb>image://C%3a%5cUsers%5cUser%5cAppData%5cRoaming%5cKodi%5caddons%5cplugin.video.nightwing%5cresources%5cmedia%5cnightwing%5ctvshows.png/</thumb>
		<action>ActivateWindow(Videos,"plugin://plugin.video.nightwing/?action=tvNavigator",return)</action>
		</shortcut>
	<shortcut>
		<defaultID>300-betplutotv</defaultID>
		<label>300 | BET Pluto TV</label>
		<label2>Favourite</label2>
		<icon>special://skin/extras/icons/files.png</icon>
		<thumb>https://images.pluto.tv/channels/5ca670f6593a5d78f0e85aed/colorLogoPNG.png</thumb>
		<action>PlayMedia("plugin://slyguy.pluto.tv.provider/?_=play&amp;_play=1&amp;id=5ca670f6593a5d78f0e85aed&amp;_is_live=1&amp;_noresume=.pvr",return)</action>
		</shortcut>
	<shortcut>
		<defaultID>310-bouncexl</defaultID>
		<label>310 | Bounce XL</label>
		<label2>Favourite</label2>
		<icon>special://skin/extras/icons/files.png</icon>
		<thumb>https://images.pluto.tv/channels/6176fd25e83a5f0007a464c9/colorLogoPNG.png</thumb>
		<action>PlayMedia("plugin://slyguy.pluto.tv.provider/?_=play&amp;_play=1&amp;id=6176fd25e83a5f0007a464c9&amp;_is_live=1&amp;_noresume=.pvr",return)</action>
		</shortcut>
	<shortcut>
		<defaultID>305-bether</defaultID>
		<label>305 | BET Her</label>
		<label2>Favourite</label2>
		<icon>special://skin/extras/icons/files.png</icon>
		<thumb>https://images.pluto.tv/channels/5d51e6949ab8e2b35bdcaa9f/colorLogoPNG-1643731242926.png</thumb>
		<action>PlayMedia("plugin://slyguy.pluto.tv.provider/?_=play&amp;_play=1&amp;id=5d51e6949ab8e2b35bdcaa9f&amp;_is_live=1&amp;_noresume=.pvr",return)</action>
		</shortcut>
	<shortcut>
		<defaultID>22020</defaultID>
		<label>TV Guide</label>
		<label2>Custom item</label2>
		<icon>special://skin/extras/icons/tv.png</icon>
		<thumb />
		<action>ActivateWindow(TVChannels)</action>
		</shortcut>
	<shortcut>
		<defaultID />
		<label>Free TV</label>
		<label2>Video Add-On</label2>
		<icon>special://skin/extras/icons/livetv.png</icon>
		<thumb>thumb</thumb>
		<action>ActivateWindow(Videos,"plugin://plugin.video.madtitansports/sportjetextractors/games/TheTVApp?page=tv",return)</action>
		</shortcut>
	<shortcut>
		<defaultID />
		<label>Ghost TV</label>
		<label2>Video Add-On</label2>
		<icon>DefaultShortcut.png</icon>
		<thumb>image://https%3a%2f%2fia902503.us.archive.org%2f28%2fitems%2ficon_20220511%2ficon.png/</thumb>
		<action>ActivateWindow(Videos,"plugin://plugin.video.ghost/?mode=189&amp;iconimage=https%3A%2F%2Fia902503.us.archive.org%2F28%2Fitems%2Ficon_20220511%2Ficon.png&amp;fanart=https%3A%2F%2Fia902507.us.archive.org%2F12%2Fitems%2Ffanart_202205%2Ffanart.jpg&amp;description=Live+TV&amp;url=https%3A%2F%2Fia902505.us.archive.org%2F31%2Fitems%2FEntairt%2FEntairt.xml&amp;name=Live+TV&amp;image_master=&amp;heb_name=+&amp;last_id=&amp;dates=+&amp;data=+&amp;original_title=+&amp;id=+&amp;season=+&amp;episode=+&amp;tmdbid=+&amp;eng_name=+&amp;show_original_year=+&amp;isr=0&amp;fav_status=false&amp;all_w=%7B%7D&amp;search_db=&amp;mypass=&amp;iconimage=https%3A%2F%2Fia902503.us.archive.org%2F28%2Fitems%2Ficon_20220511%2Ficon.png&amp;fanart=https%3A%2F%2Fia902507.us.archive.org%2F12%2Fitems%2Ffanart_202205%2Ffanart.jpg&amp;description=Live+TV&amp;url=https%3A%2F%2Fia902505.us.archive.org%2F31%2Fitems%2FEntairt%2FEntairt.xml&amp;name=Live+TV&amp;image_master=&amp;heb_name=+&amp;last_id=&amp;dates=+&amp;data=+&amp;original_title=+&amp;id=+&amp;season=+&amp;episode=+&amp;tmdbid=+&amp;eng_name=+&amp;show_original_year=+&amp;fav_status=false&amp;all_w=%7B%7D&amp;search_db=&amp;mypass=&amp;video_data=%7B%22title%22%3A+%22Live+TV%22%2C+%22mediatype%22%3A+%22movie%22%2C+%22TVshowtitle%22%3A+%22%22%2C+%22season%22%3A+0%2C+%22episode%22%3A+0%2C+%22OriginalTitle%22%3A+%22+%22%2C+%22rating%22%3A+%220%22%2C+%22plot%22%3A+%22Live+TV%22%2C+%22Tag%22%3A+%22None%22%2C+%22id%22%3A+%22+%22%7D&amp;video_data=%7B%22title%22%3A+%22Live+TV%22%2C+%22mediatype%22%3A+%22movie%22%2C+%22TVshowtitle%22%3A+%22%22%2C+%22season%22%3A+0%2C+%22episode%22%3A+0%2C+%22OriginalTitle%22%3A+%22+%22%2C+%22rating%22%3A+%220%22%2C+%22plot%22%3A+%22Live+TV%22%2C+%22Tag%22%3A+%22None%22%2C+%22id%22%3A+%22+%22%7D",return)</action>
		</shortcut>
	<shortcut>
		<defaultID>plugin.video.madtitansports/rbtv/category/20</defaultID>
		<label>RBTV</label>
		<label2>Video Add-On</label2>
		<icon>DefaultShortcut.png</icon>
		<thumb>thumb</thumb>
		<action>ActivateWindow(Videos,"plugin://plugin.video.madtitansports/rbtv/category/20",return)</action>
		</shortcut>
	<shortcut>
		<defaultID>plugin.video.iptvxc</defaultID>
		<label>[B][COLOR red]XCUI Streams[/B][/COLOR]</label>
		<label2>Video Add-On</label2>
		<icon>DefaultShortcut.png</icon>
		<thumb>thumb</thumb>
		<action>ActivateWindow(Videos,"plugin://plugin.video.iptvxc",return)</action>
		</shortcut>
	</shortcuts>
