<shortcuts>
	<shortcut>
		<defaultID>colorgold-b-4ktvshows-color-b-debridonly</defaultID>
		<label>Authorize RD</label>
		<label2>Custom item</label2>
		<icon>special://skin/extras/icons/files.png</icon>
		<thumb>https://i.imgur.com/ld2vYIQ.png</thumb>
		<action>ActivateWindow(Programs,"plugin://plugin.program.MisfitMods20/?url=&amp;mode=10&amp;name=%5BB%5D%5BCOLOR+snow%5DAuthorize+Debrid+and+Trakt%5B%2FCOLOR%5D%5B%2FB%5D&amp;icon=C%3A%5CUsers%5CUser%5CAppData%5CRoaming%5CKodi%5Caddons%5Cplugin.program.MisfitMods20%5Cresources%5Cicon.png&amp;fanart=C%3A%5CUsers%5CUser%5CAppData%5CRoaming%5CKodi%5Caddons%5Cplugin.program.MisfitMods20%5Cresources%5Cfanart.jpg&amp;description=%5BB%5D%5BCOLOR+snow%5DAuthorize+Debrid+and+Trakt%5B%2FCOLOR%5D%5B%2FB%5D&amp;name2=&amp;version=",return)</action>
		</shortcut>
	<shortcut>
		<defaultID>plugin.video.umbrella</defaultID>
		<label>Umbrella</label>
		<label2>Video Add-On</label2>
		<icon>DefaultShortcut.png</icon>
		<thumb>thumb</thumb>
		<action>ActivateWindow(Videos,"plugin://plugin.video.umbrella",return)</action>
		</shortcut>
	<shortcut>
		<defaultID>plugin.video.pov</defaultID>
		<label>POV</label>
		<label2>Video Add-On</label2>
		<icon>DefaultShortcut.png</icon>
		<thumb>thumb</thumb>
		<action>ActivateWindow(Videos,"plugin://plugin.video.pov",return)</action>
		</shortcut>
	<shortcut>
		<defaultID>plugin.video.fen</defaultID>
		<label>Fen</label>
		<label2>Video Add-On</label2>
		<icon>DefaultShortcut.png</icon>
		<thumb>thumb</thumb>
		<action>ActivateWindow(Videos,"plugin://plugin.video.fen",return)</action>
		</shortcut>
	<shortcut>
		<defaultID>plugin.video.magicdragon</defaultID>
		<label>Magic Dragon</label>
		<label2>Video Add-On</label2>
		<icon>DefaultShortcut.png</icon>
		<thumb>thumb</thumb>
		<action>ActivateWindow(Videos,"plugin://plugin.video.magicdragon",return)</action>
		</shortcut>
	<shortcut>
		<defaultID />
		<label>Chains</label>
		<label2>Video Add-On</label2>
		<icon>DefaultShortcut.png</icon>
		<thumb>image://https%3a%2f%2fi.imgur.com%2fVJa5rxP.png/</thumb>
		<action>ActivateWindow(Videos,"plugin://plugin.video.thecrew/?action=directory&amp;url=http%3A%2F%2Fthechains24.com%2Fbroken%2520chains%2Fchains.txt&amp;content=addons",return)</action>
		</shortcut>
	<shortcut>
		<defaultID>plugin.video.asgard</defaultID>
		<label>Asgard</label>
		<label2>Custom item</label2>
		<icon>DefaultShortcut.png</icon>
		<thumb>thumb</thumb>
		<action>ActivateWindow(Videos,"plugin://plugin.video.asgard/?mode=189&amp;iconimage=https%3A%2F%2Fmylostsoulspace.co.uk%2Fimages%2Fasg%2Ficon.png&amp;fanart=https%3A%2F%2Fmylostsoulspace.co.uk%2Fimages%2Fasg%2Ffanart.jpg&amp;description=1080+One+Click+Section&amp;url=https%3A%2F%2Fmylostsoulspace.co.uk%2FAddon-1%2FAddon%2Ftext%2Freal.xml&amp;name=%5BCOLOR+goldenrod%5DAsgard+One+Click+Section%5B%2FCOLOR%5D&amp;image_master=&amp;heb_name=+&amp;last_id=&amp;dates=+&amp;data=+&amp;original_title=+&amp;id=+&amp;season=+&amp;episode=+&amp;tmdbid=+&amp;eng_name=+&amp;show_original_year=+&amp;isr=0&amp;fav_status=false&amp;all_w=%7B%7D&amp;search_db=&amp;mypass=&amp;iconimage=https%3A%2F%2Fmylostsoulspace.co.uk%2Fimages%2Fasg%2Ficon.png&amp;fanart=https%3A%2F%2Fmylostsoulspace.co.uk%2Fimages%2Fasg%2Ffanart.jpg&amp;description=1080+One+Click+Section&amp;url=https%3A%2F%2Fmylostsoulspace.co.uk%2FAddon-1%2FAddon%2Ftext%2Freal.xml&amp;name=%5BCOLOR+goldenrod%5DAsgard+One+Click+Section%5B%2FCOLOR%5D&amp;image_master=&amp;heb_name=+&amp;last_id=&amp;dates=+&amp;data=+&amp;original_title=+&amp;id=+&amp;season=+&amp;episode=+&amp;tmdbid=+&amp;eng_name=+&amp;show_original_year=+&amp;fav_status=false&amp;all_w=%7B%7D&amp;search_db=&amp;mypass=&amp;video_data=%7B%22title%22%3A+%22%5BCOLOR+goldenrod%5DAsgard+One+Click+Section%5B%2FCOLOR%5D%22%2C+%22mediatype%22%3A+%22movie%22%2C+%22TVshowtitle%22%3A+%22%22%2C+%22season%22%3A+0%2C+%22episode%22%3A+0%2C+%22OriginalTitle%22%3A+%22+%22%2C+%22rating%22%3A+%220%22%2C+%22plot%22%3A+%221080+One+Click+Section%22%2C+%22Tag%22%3A+%22None%22%2C+%22id%22%3A+%22+%22%7D&amp;video_data=%7B%22title%22%3A+%22%5BCOLOR+goldenrod%5DAsgard+One+Click+Section%5B%2FCOLOR%5D%22%2C+%22mediatype%22%3A+%22movie%22%2C+%22TVshowtitle%22%3A+%22%22%2C+%22season%22%3A+0%2C+%22episode%22%3A+0%2C+%22OriginalTitle%22%3A+%22+%22%2C+%22rating%22%3A+%220%22%2C+%22plot%22%3A+%221080+One+Click+Section%22%2C+%22Tag%22%3A+%22None%22%2C+%22id%22%3A+%22+%22%7D",return)</action>
		</shortcut>
	<shortcut>
		<defaultID>plugin.video.Zuul</defaultID>
		<label>Zuul</label>
		<label2>Video Add-On</label2>
		<icon>DefaultShortcut.png</icon>
		<thumb>thumb</thumb>
		<action>ActivateWindow(Videos,"plugin://plugin.video.Zuul",return)</action>
		</shortcut>
	<shortcut>
		<defaultID>plugin.video.nightwing</defaultID>
		<label>Nightwing</label>
		<label2>Custom item</label2>
		<icon>DefaultShortcut.png</icon>
		<thumb>thumb</thumb>
		<action>ActivateWindow(Videos,"plugin://plugin.video.nightwing/?action=xmlsNavigator",return)</action>
		</shortcut>
	<shortcut>
		<defaultID>plugin.video.Genocide</defaultID>
		<label>Genocide</label>
		<label2>Video Add-On</label2>
		<icon>DefaultShortcut.png</icon>
		<thumb>thumb</thumb>
		<action>ActivateWindow(Videos,"plugin://plugin.video.Genocide",return)</action>
		</shortcut>
	<shortcut>
		<defaultID />
		<label> 4K One Click Section</label>
		<label2>Custom item</label2>
		<icon>DefaultShortcut.png</icon>
		<thumb>image://http%3a%2f%2fnarcacist.com%2fimages%2fasg%2ficon.png/</thumb>
		<action>ActivateWindow(Videos,"plugin://plugin.video.asgard/?mode=189&amp;iconimage=https%3A%2F%2Fmylostsoulspace.co.uk%2Fimages%2Fasg%2Ficon.png&amp;fanart=https%3A%2F%2Fmylostsoulspace.co.uk%2Fimages%2Fasg%2Ffanart.jpg&amp;description=4K+One+Click+Section&amp;url=https%3A%2F%2Fmylostsoulspace.co.uk%2FAddon-1%2FAddon%2Ftext%2Frd%2F4ksection.xml&amp;name=%5BCOLOR+goldenrod%5DAsgard+4K+One+Click+Section%5B%2FCOLOR%5D&amp;image_master=&amp;heb_name=+&amp;last_id=&amp;dates=+&amp;data=+&amp;original_title=+&amp;id=+&amp;season=+&amp;episode=+&amp;tmdbid=+&amp;eng_name=+&amp;show_original_year=+&amp;isr=0&amp;fav_status=false&amp;all_w=%7B%7D&amp;search_db=&amp;mypass=&amp;iconimage=https%3A%2F%2Fmylostsoulspace.co.uk%2Fimages%2Fasg%2Ficon.png&amp;fanart=https%3A%2F%2Fmylostsoulspace.co.uk%2Fimages%2Fasg%2Ffanart.jpg&amp;description=4K+One+Click+Section&amp;url=https%3A%2F%2Fmylostsoulspace.co.uk%2FAddon-1%2FAddon%2Ftext%2Frd%2F4ksection.xml&amp;name=%5BCOLOR+goldenrod%5DAsgard+4K+One+Click+Section%5B%2FCOLOR%5D&amp;image_master=&amp;heb_name=+&amp;last_id=&amp;dates=+&amp;data=+&amp;original_title=+&amp;id=+&amp;season=+&amp;episode=+&amp;tmdbid=+&amp;eng_name=+&amp;show_original_year=+&amp;fav_status=false&amp;all_w=%7B%7D&amp;search_db=&amp;mypass=&amp;video_data=%7B%22title%22%3A+%22%5BCOLOR+goldenrod%5DAsgard+4K+One+Click+Section%5B%2FCOLOR%5D%22%2C+%22mediatype%22%3A+%22movie%22%2C+%22TVshowtitle%22%3A+%22%22%2C+%22season%22%3A+0%2C+%22episode%22%3A+0%2C+%22OriginalTitle%22%3A+%22+%22%2C+%22rating%22%3A+%220%22%2C+%22plot%22%3A+%224K+One+Click+Section%22%2C+%22Tag%22%3A+%22None%22%2C+%22id%22%3A+%22+%22%7D&amp;video_data=%7B%22title%22%3A+%22%5BCOLOR+goldenrod%5DAsgard+4K+One+Click+Section%5B%2FCOLOR%5D%22%2C+%22mediatype%22%3A+%22movie%22%2C+%22TVshowtitle%22%3A+%22%22%2C+%22season%22%3A+0%2C+%22episode%22%3A+0%2C+%22OriginalTitle%22%3A+%22+%22%2C+%22rating%22%3A+%220%22%2C+%22plot%22%3A+%224K+One+Click+Section%22%2C+%22Tag%22%3A+%22None%22%2C+%22id%22%3A+%22+%22%7D",return)</action>
		</shortcut>
	</shortcuts>
