<shortcuts>
	<shortcut>
		<defaultID />
		<label>Search Movies</label>
		<label2>Custom item</label2>
		<icon>DefaultShortcut.png</icon>
		<thumb>image://C%3a%5cUsers%5cUser%5cAppData%5cRoaming%5cKodi%5caddons%5cplugin.video.themoviedb.helper%5c%2fresources%2ficons%2ftmdb%2fsearch.png/</thumb>
		<action>ActivateWindow(Videos,"plugin://plugin.video.themoviedb.helper/?info=search&amp;tmdb_type=movie&amp;widget=true&amp;reload=$INFO[Window(Home).Property(TMDbHelper.Widgets.Reload)]",return)</action>
		</shortcut>
	<shortcut>
		<defaultID>plugin.video.homelander</defaultID>
		<label>Homelander</label>
		<label2>Custom item</label2>
		<icon>DefaultShortcut.png</icon>
		<thumb>thumb</thumb>
		<action>ActivateWindow(Videos,"plugin://plugin.video.homelander/?action=movieNavigator",return)</action>
		</shortcut>
	<shortcut>
		<defaultID />
		<label>Shazam</label>
		<label2>Custom item</label2>
		<icon>DefaultShortcut.png</icon>
		<thumb>image://C%3a%5cUsers%5cUser%5cAppData%5cRoaming%5cKodi%5caddons%5cscript.shazam.artwork%5cresources%5cmedia%5cshazam%5c1click.png/</thumb>
		<action>ActivateWindow(Videos,"plugin://plugin.video.shazam/?action=movieNavigator",return)</action>
		</shortcut>
	<shortcut>
		<defaultID>plugin.video.asgard</defaultID>
		<label>Asgard</label>
		<label2>Custom item</label2>
		<icon>DefaultShortcut.png</icon>
		<thumb>thumb</thumb>
		<action>ActivateWindow(Videos,"plugin://plugin.video.asgard/?mode=189&amp;iconimage=https%3A%2F%2Fmylostsoulspace.co.uk%2Fimages%2Fasg%2Ficon.png&amp;fanart=https%3A%2F%2Fmylostsoulspace.co.uk%2Fimages%2Fasg%2Ffanart.jpg&amp;description=+&amp;url=https%3A%2F%2Fmylostsoulspace.co.uk%2FAddon-1%2FAddon%2Ftext%2Frd%2Ffree%2Fbyyear.xml&amp;name=%5BCOLOR%3Dgoldenrod%5DMovies%5B%2FCOLOR%5D&amp;image_master=&amp;heb_name=+&amp;last_id=&amp;dates=+&amp;data=&amp;original_title=%5BCOLOR%3Dgoldenrod%5DMovies%5B%2FCOLOR%5D&amp;id=&amp;season=+&amp;episode=+&amp;tmdbid=+&amp;eng_name=+&amp;show_original_year=+&amp;isr=0&amp;fav_status=false&amp;all_w=%7B%7D&amp;search_db=&amp;mypass=&amp;iconimage=https%3A%2F%2Fmylostsoulspace.co.uk%2Fimages%2Fasg%2Ficon.png&amp;fanart=https%3A%2F%2Fmylostsoulspace.co.uk%2Fimages%2Fasg%2Ffanart.jpg&amp;description=+&amp;url=https%3A%2F%2Fmylostsoulspace.co.uk%2FAddon-1%2FAddon%2Ftext%2Frd%2Ffree%2Fbyyear.xml&amp;name=%5BCOLOR%3Dgoldenrod%5DMovies%5B%2FCOLOR%5D&amp;image_master=&amp;heb_name=+&amp;last_id=&amp;dates=+&amp;data=&amp;original_title=%5BCOLOR%3Dgoldenrod%5DMovies%5B%2FCOLOR%5D&amp;id=&amp;season=+&amp;episode=+&amp;tmdbid=+&amp;eng_name=+&amp;show_original_year=+&amp;fav_status=false&amp;all_w=%7B%7D&amp;search_db=&amp;mypass=&amp;video_data=%7B%22title%22%3A+%22%5BCOLOR%3Dgoldenrod%5DMovies%5B%2FCOLOR%5D%22%2C+%22mediatype%22%3A+%22movie%22%2C+%22TVshowtitle%22%3A+%22%22%2C+%22season%22%3A+0%2C+%22episode%22%3A+0%2C+%22OriginalTitle%22%3A+%22%5BCOLOR%3Dgoldenrod%5DMovies%5B%2FCOLOR%5D%22%2C+%22year%22%3A+%22%22%2C+%22rating%22%3A+%220%22%2C+%22plot%22%3A+%22+%22%2C+%22Tag%22%3A+%22189%22%2C+%22trailer%22%3A+%22%22%2C+%22id%22%3A+%22%22%7D&amp;video_data=%7B%22title%22%3A+%22%5BCOLOR%3Dgoldenrod%5DMovies%5B%2FCOLOR%5D%22%2C+%22mediatype%22%3A+%22movie%22%2C+%22TVshowtitle%22%3A+%22%22%2C+%22season%22%3A+0%2C+%22episode%22%3A+0%2C+%22OriginalTitle%22%3A+%22%5BCOLOR%3Dgoldenrod%5DMovies%5B%2FCOLOR%5D%22%2C+%22year%22%3A+%22%22%2C+%22rating%22%3A+%220%22%2C+%22plot%22%3A+%22+%22%2C+%22Tag%22%3A+%22189%22%2C+%22trailer%22%3A+%22%22%2C+%22id%22%3A+%22%22%7D",return)</action>
		</shortcut>
	<shortcut>
		<defaultID>plugin.video.thecrew</defaultID>
		<label>The Crew</label>
		<label2>Custom item</label2>
		<icon>DefaultShortcut.png</icon>
		<thumb>thumb</thumb>
		<action>ActivateWindow(Videos,"plugin://plugin.video.thecrew/?action=movieNavigator",return)</action>
		</shortcut>
	<shortcut>
		<defaultID />
		<label>MD New Releases</label>
		<label2>Video Add-On</label2>
		<icon>DefaultShortcut.png</icon>
		<thumb>image://https%3a%2f%2fi.imgur.com%2fdm1Tk83.png/</thumb>
		<action>ActivateWindow(Videos,"plugin://plugin.video.magicdragon/?mode=189&amp;iconimage=https%3A%2F%2Fi.imgur.com%2Fdm1Tk83.png&amp;fanart=https%3A%2F%2Fi.imgur.com%2FU5nKN8r.jpg&amp;description=%5BB%5D%5BCOLORyellow%5DMagic+Dragon+New+Releases%5B%2FB%5D%5B%2FCOLOR%5D&amp;url=https%3A%2F%2Fraw.githubusercontent.com%2Ftombebbs1%2FMagicDragonKodi18%2Fmaster%2Fnewreleases1.xml&amp;name=%5BB%5D%5BCOLORyellow%5DMD+New+Releases%5B%2FB%5D%5B%2FCOLOR%5D&amp;image_master=&amp;heb_name=+&amp;last_id=&amp;dates=+&amp;data=+&amp;original_title=+&amp;id=+&amp;season=+&amp;episode=+&amp;tmdbid=+&amp;eng_name=+&amp;show_original_year=+&amp;isr=0&amp;fav_status=false&amp;all_w=%7B%7D&amp;search_db=&amp;mypass=&amp;iconimage=https%3A%2F%2Fi.imgur.com%2Fdm1Tk83.png&amp;fanart=https%3A%2F%2Fi.imgur.com%2FU5nKN8r.jpg&amp;description=%5BB%5D%5BCOLORyellow%5DMagic+Dragon+New+Releases%5B%2FB%5D%5B%2FCOLOR%5D&amp;url=https%3A%2F%2Fraw.githubusercontent.com%2Ftombebbs1%2FMagicDragonKodi18%2Fmaster%2Fnewreleases1.xml&amp;name=%5BB%5D%5BCOLORyellow%5DMD+New+Releases%5B%2FB%5D%5B%2FCOLOR%5D&amp;image_master=&amp;heb_name=+&amp;last_id=&amp;dates=+&amp;data=+&amp;original_title=+&amp;id=+&amp;season=+&amp;episode=+&amp;tmdbid=+&amp;eng_name=+&amp;show_original_year=+&amp;fav_status=false&amp;all_w=%7B%7D&amp;search_db=&amp;mypass=&amp;video_data=%7B%22title%22%3A+%22%5BB%5D%5BCOLORyellow%5DMD+New+Releases%5B%2FB%5D%5B%2FCOLOR%5D%22%2C+%22mediatype%22%3A+%22movie%22%2C+%22TVshowtitle%22%3A+%22%22%2C+%22season%22%3A+0%2C+%22episode%22%3A+0%2C+%22OriginalTitle%22%3A+%22+%22%2C+%22rating%22%3A+%220%22%2C+%22plot%22%3A+%22%5BB%5D%5BCOLORyellow%5DMagic+Dragon+New+Releases%5B%2FB%5D%5B%2FCOLOR%5D%22%2C+%22Tag%22%3A+%22None%22%2C+%22id%22%3A+%22+%22%7D&amp;video_data=%7B%22title%22%3A+%22%5BB%5D%5BCOLORyellow%5DMD+New+Releases%5B%2FB%5D%5B%2FCOLOR%5D%22%2C+%22mediatype%22%3A+%22movie%22%2C+%22TVshowtitle%22%3A+%22%22%2C+%22season%22%3A+0%2C+%22episode%22%3A+0%2C+%22OriginalTitle%22%3A+%22+%22%2C+%22rating%22%3A+%220%22%2C+%22plot%22%3A+%22%5BB%5D%5BCOLORyellow%5DMagic+Dragon+New+Releases%5B%2FB%5D%5B%2FCOLOR%5D%22%2C+%22Tag%22%3A+%22None%22%2C+%22id%22%3A+%22+%22%7D",return)</action>
		</shortcut>
	<shortcut>
		<defaultID />
		<label>Free Movies</label>
		<label2>Video Add-On</label2>
		<icon>DefaultShortcut.png</icon>
		<thumb>image://https%3a%2f%2fi.imgur.com%2f9zAMFjB.png/</thumb>
		<action>ActivateWindow(Videos,"plugin://plugin.video.Zuul/?mode=189&amp;iconimage=https%3A%2F%2Fi.imgur.com%2F9zAMFjB.png&amp;fanart=https%3A%2F%2Fi.imgur.com%2F46sGTgy.jpg&amp;description=Free+Movies&amp;url=https%3A%2F%2Fbitbucket.org%2FMad-Eric%2Ftextfiles%2Fraw%2Fmaster%2Fnewmovies.json&amp;name=%5BCOLORwhite%5DFree+Movies%5B%2FCOLOR%5D&amp;image_master=&amp;heb_name=+&amp;last_id=&amp;dates=+&amp;data=+&amp;original_title=+&amp;id=+&amp;season=+&amp;episode=+&amp;tmdbid=+&amp;eng_name=+&amp;show_original_year=+&amp;isr=0&amp;fav_status=false&amp;all_w=%7B%7D&amp;search_db=&amp;mypass=&amp;iconimage=https%3A%2F%2Fi.imgur.com%2F9zAMFjB.png&amp;fanart=https%3A%2F%2Fi.imgur.com%2F46sGTgy.jpg&amp;description=Free+Movies&amp;url=https%3A%2F%2Fbitbucket.org%2FMad-Eric%2Ftextfiles%2Fraw%2Fmaster%2Fnewmovies.json&amp;name=%5BCOLORwhite%5DFree+Movies%5B%2FCOLOR%5D&amp;image_master=&amp;heb_name=+&amp;last_id=&amp;dates=+&amp;data=+&amp;original_title=+&amp;id=+&amp;season=+&amp;episode=+&amp;tmdbid=+&amp;eng_name=+&amp;show_original_year=+&amp;fav_status=false&amp;all_w=%7B%7D&amp;search_db=&amp;mypass=&amp;video_data=%7B%22title%22%3A+%22%5BCOLORwhite%5DFree+Movies%5B%2FCOLOR%5D%22%2C+%22mediatype%22%3A+%22movie%22%2C+%22TVshowtitle%22%3A+%22%22%2C+%22season%22%3A+0%2C+%22episode%22%3A+0%2C+%22OriginalTitle%22%3A+%22+%22%2C+%22rating%22%3A+%220%22%2C+%22plot%22%3A+%22Free+Movies%22%2C+%22Tag%22%3A+%22None%22%2C+%22id%22%3A+%22+%22%7D&amp;video_data=%7B%22title%22%3A+%22%5BCOLORwhite%5DFree+Movies%5B%2FCOLOR%5D%22%2C+%22mediatype%22%3A+%22movie%22%2C+%22TVshowtitle%22%3A+%22%22%2C+%22season%22%3A+0%2C+%22episode%22%3A+0%2C+%22OriginalTitle%22%3A+%22+%22%2C+%22rating%22%3A+%220%22%2C+%22plot%22%3A+%22Free+Movies%22%2C+%22Tag%22%3A+%22None%22%2C+%22id%22%3A+%22+%22%7D",return)</action>
		</shortcut>
	<shortcut>
		<defaultID />
		<label>MD Cams </label>
		<label2>Video Add-On</label2>
		<icon>DefaultShortcut.png</icon>
		<thumb>image://https%3a%2f%2fi.imgur.com%2fdm1Tk83.png/</thumb>
		<action>ActivateWindow(Videos,"plugin://plugin.video.magicdragon/?mode=189&amp;iconimage=https%3A%2F%2Fi.imgur.com%2Fdm1Tk83.png&amp;fanart=https%3A%2F%2Fi.imgur.com%2FU5nKN8r.jpg&amp;description=%5BB%5D%5BCOLORyellow%5DMagic+Dragon+Cams%2FHDTS+Releases%5B%2FB%5D%5B%2FCOLOR%5D&amp;url=https%3A%2F%2Fraw.githubusercontent.com%2Ftombebbs1%2FMagicDragonKodi18%2Fmaster%2Fcams1.xml&amp;name=%5BB%5D%5BCOLORyellow%5DMD+Cams%2FHDTS+Releases%5B%2FB%5D%5B%2FCOLOR%5D&amp;image_master=&amp;heb_name=+&amp;last_id=&amp;dates=+&amp;data=+&amp;original_title=+&amp;id=+&amp;season=+&amp;episode=+&amp;tmdbid=+&amp;eng_name=+&amp;show_original_year=+&amp;isr=0&amp;fav_status=false&amp;all_w=%7B%7D&amp;search_db=&amp;mypass=&amp;iconimage=https%3A%2F%2Fi.imgur.com%2Fdm1Tk83.png&amp;fanart=https%3A%2F%2Fi.imgur.com%2FU5nKN8r.jpg&amp;description=%5BB%5D%5BCOLORyellow%5DMagic+Dragon+Cams%2FHDTS+Releases%5B%2FB%5D%5B%2FCOLOR%5D&amp;url=https%3A%2F%2Fraw.githubusercontent.com%2Ftombebbs1%2FMagicDragonKodi18%2Fmaster%2Fcams1.xml&amp;name=%5BB%5D%5BCOLORyellow%5DMD+Cams%2FHDTS+Releases%5B%2FB%5D%5B%2FCOLOR%5D&amp;image_master=&amp;heb_name=+&amp;last_id=&amp;dates=+&amp;data=+&amp;original_title=+&amp;id=+&amp;season=+&amp;episode=+&amp;tmdbid=+&amp;eng_name=+&amp;show_original_year=+&amp;fav_status=false&amp;all_w=%7B%7D&amp;search_db=&amp;mypass=&amp;video_data=%7B%22title%22%3A+%22%5BB%5D%5BCOLORyellow%5DMD+Cams%2FHDTS+Releases%5B%2FB%5D%5B%2FCOLOR%5D%22%2C+%22mediatype%22%3A+%22movie%22%2C+%22TVshowtitle%22%3A+%22%22%2C+%22season%22%3A+0%2C+%22episode%22%3A+0%2C+%22OriginalTitle%22%3A+%22+%22%2C+%22rating%22%3A+%220%22%2C+%22plot%22%3A+%22%5BB%5D%5BCOLORyellow%5DMagic+Dragon+Cams%2FHDTS+Releases%5B%2FB%5D%5B%2FCOLOR%5D%22%2C+%22Tag%22%3A+%22None%22%2C+%22id%22%3A+%22+%22%7D&amp;video_data=%7B%22title%22%3A+%22%5BB%5D%5BCOLORyellow%5DMD+Cams%2FHDTS+Releases%5B%2FB%5D%5B%2FCOLOR%5D%22%2C+%22mediatype%22%3A+%22movie%22%2C+%22TVshowtitle%22%3A+%22%22%2C+%22season%22%3A+0%2C+%22episode%22%3A+0%2C+%22OriginalTitle%22%3A+%22+%22%2C+%22rating%22%3A+%220%22%2C+%22plot%22%3A+%22%5BB%5D%5BCOLORyellow%5DMagic+Dragon+Cams%2FHDTS+Releases%5B%2FB%5D%5B%2FCOLOR%5D%22%2C+%22Tag%22%3A+%22None%22%2C+%22id%22%3A+%22+%22%7D",return)</action>
		</shortcut>
	<shortcut>
		<defaultID />
		<label>TMDB</label>
		<label2>Video Add-On</label2>
		<icon>DefaultShortcut.png</icon>
		<thumb>thumb</thumb>
		<action>ActivateWindow(Videos,"plugin://plugin.video.themoviedb.helper/?info=dir_movie&amp;tmdb_type=None&amp;widget=true&amp;reload=$INFO[Window(Home).Property(TMDbHelper.Widgets.Reload)]",return)</action>
		</shortcut>
	</shortcuts>
