<?xml version='1.0' encoding='UTF-8'?>
<shortcuts>
	<shortcut>
		<defaultID>b-i-colorred-christmas2020-b-i-color</defaultID>
		<label>Christmas Movies</label>
		<label2>Favourite</label2>
		<icon>special://skin/extras/icons/files.png</icon>
		<thumb>https://c.files.bbci.co.uk/6682/production/_112924262_greatgrottos-01royaltunbridgewells.jpg</thumb>
		<action>ActivateWindow(10025,"plugin://plugin.video.themagicdragon/?fanart=https%3a%2f%2fc.files.bbci.co.uk%2f6682%2fproduction%2f_112924262_greatgrottos-01royaltunbridgewells.jpg&amp;mode=1&amp;name=%5bB%5d%5bI%5d%5bCOLORred%5dChristmas%202020%5b%2fB%5d%5b%2fI%5d%5b%2fCOLOR%5d&amp;url=https%3a%2f%2fraw.githubusercontent.com%2ftombebbs1%2fmagicdragon%2fmaster%2fchristmas2020.txt",return)</action>
	</shortcut>
	<shortcut>
		<defaultID />
		<label>[COLOR FFffffffff][COLORwhite]TV REWIND[/COLOR][/COLOR]</label>
		<label2>Video Add-On</label2>
		<icon>DefaultShortcut.png</icon>
		<thumb>image://special://home/addons%5cplugin.video.goto%5cicon.png/</thumb>
		<action>ActivateWindow(Videos,"plugin://plugin.video.goto/?mode=get_list&amp;url=http%3A%2F%2Fmygoto.uk%2F1Xmls%2F1ListersXmls%2F1tam%2FTvshowsXmls%2Ftvcatchup.xml&amp;name=%5BCOLOR+FFffffffff%5D%5BCOLORwhite%5DTV+REWIND%5B%2FCOLOR%5D%5B%2FCOLOR%5D&amp;iconimage=special://home/addons%5Cplugin.video.goto%5Cicon.png&amp;fanart=special://home/addons%5Cplugin.video.goto%5Cfanart.jpg&amp;description=No+information+available",return)</action>
	</shortcut>
	<shortcut>
		<defaultID>b-colorpink-chickflicks-color-b</defaultID>
		<label>ChickFlix</label>
		<label2>Favourite</label2>
		<icon>special://skin/extras/icons/files.png</icon>
		<thumb>https://i.imgur.com/dm1Tk83.png</thumb>
		<action>ActivateWindow(10025,"plugin://plugin.video.themagicdragon/?fanart=https%3a%2f%2fi.imgur.com%2fU5nKN8r.jpg&amp;mode=1&amp;name=%5bB%5d%5bCOLORpink%5dChickflicks%5b%2fCOLOR%5d%5b%2fB%5d&amp;url=https%3a%2f%2fraw.githubusercontent.com%2ftombebbs1%2fmagicdragon%2fmaster%2fchickflicks.txt",return)</action>
	</shortcut>
	<shortcut>
		<defaultID />
		<label>cCloud Tv</label>
		<label2>Video Add-On</label2>
		<icon>DefaultShortcut.png</icon>
		<thumb>image://special://home/addons%5cplugin.video.ccloudtv%5cresources%2ficons%2f%2fallchannels.png/</thumb>
		<action>ActivateWindow(Videos,"plugin://plugin.video.ccloudtv/?url=http%3A%2F%2Fwww.youtube.com&amp;mode=2&amp;name=%5BCOLOR+white%5D%5BB%5DAll+Channels%5B%2FB%5D%5B%2FCOLOR%5D&amp;iconimage=C%3A%5CUsers%5Cerica%5CDesktop%5Cfresh+kodi%5CKodi%5Cportable_data%5Caddons%5Cplugin.video.ccloudtv%5Cresources%2Ficons%2F%2Fallchannels.png",return)</action>
	</shortcut>
	<shortcut>
		<defaultID>colorwhite-b-ccloudtvguide-b-color-colorred-new-color</defaultID>
		<label>cCloud TV Guide</label>
		<label2>Favourite</label2>
		<icon>special://skin/extras/icons/files.png</icon>
		<thumb>special://home/addons\plugin.video.ccloudtv\resources/icons//guide.png</thumb>
		<action>ActivateWindow(10025,"plugin://plugin.video.ccloudtv/?iconimage=special://home/addons%5cplugin.video.ccloudtv%5cresources%2ficons%2f%2fguide.png&amp;mode=95&amp;name=%5bCOLOR%20white%5d%5bB%5dcCloud%20TV%20Guide%5b%2fB%5d%5b%2fCOLOR%5d%20%5bCOLOR%20red%5d%20NEW!%5b%2fCOLOR%5d&amp;url=TVGuide",return)</action>
	</shortcut>
	<shortcut>
		<defaultID />
		<label>TV Shows 24/7</label>
		<label2>Video Add-On</label2>
		<icon>DefaultShortcut.png</icon>
		<thumb>image://https%3a%2f%2fgithub.com%2fjewbmx%2fxml%2fblob%2fmaster%2fimg%2farconaitv%2farconaiShows.png%3fraw%3dtrue/</thumb>
		<action>ActivateWindow(Videos,"plugin://plugin.video.temptv/?action=arconai_shows",return)</action>
	</shortcut>
	<shortcut>
		<defaultID>colorffffffffff-colorgold-b-documentaries-b-color-color</defaultID>
		<label>Doccumentaries</label>
		<label2>Favourite</label2>
		<icon>special://skin/extras/icons/files.png</icon>
		<thumb>special://home/addons\plugin.video.rogueone\icon.png</thumb>
		<action>ActivateWindow(10025,"plugin://plugin.video.rogueone/?description=No%20information%20available&amp;fanart=https%3a%2f%2fstupotsaddon.com%2faddon%2fimage%2ffanart.jpg&amp;iconimage=special://home/addons%5cplugin.video.rogueone%5cicon.png&amp;mode=get_list&amp;name=%5bCOLOR%20FFffffffff%5d%5bCOLOR%20gold%5d%5bB%5dDocumentaries%5b%2fB%5d%5b%2fCOLOR%5d%5b%2fCOLOR%5d&amp;url=https%3a%2f%2fstupotsaddon.com%2faddon%2foneclickdocs%2fdocs.xml",return)</action>
	</shortcut>
	<shortcut>
		<defaultID />
		<label>Movies 24/7</label>
		<label2>Video Add-On</label2>
		<icon>DefaultShortcut.png</icon>
		<thumb>image://https%3a%2f%2fgithub.com%2fjewbmx%2fxml%2fblob%2fmaster%2fimg%2farconaitv%2farconaiMovies.png%3fraw%3dtrue/</thumb>
		<action>ActivateWindow(Videos,"plugin://plugin.video.temptv/?action=arconai_movies",return)</action>
	</shortcut>
	<shortcut>
		<defaultID />
		<label>Westerns</label>
		<label2>Custom item</label2>
		<icon>DefaultShortcut.png</icon>
		<thumb>image://http%3a%2f%2ffantazyrepo.uk%2faddonimages%2fPNG%2fWestern.png/</thumb>
		<action>ActivateWindow(Videos,"plugin://plugin.video.thecrew/?action=movies&amp;url=https%3A%2F%2Fwww.imdb.com%2Fsearch%2Ftitle%3Ftitle_type%3Dfeature%2Ctv_movie%2Cdocumentary%26num_votes%3D100%2C%26release_date%3D%2Cdate%5B0%5D%26genres%3Dwestern%26sort%3Dmoviemeter%2Casc%26count%3D25%26start%3D1",return)</action>
	</shortcut>
	<shortcut>
		<defaultID />
		<label>80's Movies</label>
		<label2>Video Add-On</label2>
		<icon>DefaultShortcut.png</icon>
		<thumb>image://http%3a%2f%2ffantazyrepo.uk%2faddonimages%2fPNG%2f80s.png/</thumb>
		<action>ActivateWindow(Videos,"plugin://plugin.video.Fido/?url=https%3A%2F%2Fgoo.gl%2FHTSzqp&amp;mode=1&amp;name=80%27s+Movies&amp;fanart=http%3A%2F%2Ffantazyrepo.uk%2Faddonimages%2Fnewmovies%2Fnewmovies.jpg",return)</action>
	</shortcut>
	<shortcut>
		<defaultID />
		<label>Romance</label>
		<label2>Video Add-On</label2>
		<icon>DefaultShortcut.png</icon>
		<thumb>image://http%3a%2f%2ffantazyrepo.uk%2faddonimages%2fPNG%2fRomance.png/</thumb>
		<action>ActivateWindow(Videos,"plugin://plugin.video.Fido/?url=http%3A%2F%2Ffantazyrepo.uk%2Faddonimages%2Ffido.addon%2Fnewmovies%2Fromance.xml&amp;mode=1&amp;name=Romance&amp;fanart=http%3A%2F%2Ffantazyrepo.uk%2Faddonimages%2Fnewmovies%2Fnewmovies.jpg",return)</action>
	</shortcut>
</shortcuts>
