<shortcuts>
	<shortcut>
		<defaultID>24001</defaultID>
		<label>Add-ons Browser</label>
		<label2>Settings</label2>
		<icon>special://skin/extras/icons/addons.png</icon>
		<thumb />
		<action>ActivateWindow(AddonBrowser)</action>
		</shortcut>
	<shortcut>
		<defaultID>7</defaultID>
		<label>7</label>
		<label2>Common menu item</label2>
		<icon>special://skin/extras/icons/files.png</icon>
		<thumb />
		<action>ActivateWindow(FileManager)</action>
		</shortcut>
	<shortcut>
		<defaultID>1036</defaultID>
		<label>1036</label>
		<label2>Common menu item</label2>
		<icon>special://skin/extras/icons/favourites.png</icon>
		<thumb />
		<action>ActivateWindow(Favourites)</action>
		</shortcut>
	<shortcut>
		<defaultID>1037</defaultID>
		<label>1037</label>
		<label2>Videos</label2>
		<icon>special://skin/extras/icons/video-addons.png</icon>
		<thumb />
		<action>ActivateWindow(Videos,Addons,return)</action>
		</shortcut>
	<shortcut>
		<defaultID>programs</defaultID>
		<label>10001</label>
		<label2>Programs</label2>
		<icon>special://skin/extras/icons/addons.png</icon>
		<thumb />
		<action>ActivateWindow(Programs,Addons,return)</action>
		</shortcut>
	<shortcut>
		<defaultID>colordodgerblue-forceupdatealladdons-color</defaultID>
		<label>Update Addons</label>
		<label2>Favourite</label2>
		<icon>special://skin/extras/icons/files.png</icon>
		<thumb>special://home/addons\plugin.program.MisfitMods19\resources\media\maintenance.png</thumb>
		<action>PlayMedia("plugin://plugin.program.MisfitMods19/?mode=forceupdate&amp;action=auto",return)</action>
		</shortcut>
	<shortcut>
		<defaultID>1038</defaultID>
		<label>1038</label>
		<label2>Music</label2>
		<icon>special://skin/extras/icons/songs.png</icon>
		<thumb />
		<action>ActivateWindow(MusicLibrary,Addons,return)</action>
		</shortcut>
	</shortcuts>
