<shortcuts>
	<shortcut>
		<defaultID />
		<label>POP</label>
		<label2>Music Add-On</label2>
		<icon>DefaultShortcut.png</icon>
		<thumb>image://https%3a%2f%2fdashradio-files.s3.amazonaws.com%2ficon_logos%2fDASHXPOP%2fdash_x_pop_color_324.png%3fraw%3dtrue/</thumb>
		<action>ActivateWindow(Music,"plugin://plugin.audio.dashradio/?action=listing&amp;category=POP",return)</action>
		</shortcut>
	<shortcut>
		<defaultID />
		<label>Country</label>
		<label2>Music Add-On</label2>
		<icon>DefaultShortcut.png</icon>
		<thumb>image://https%3a%2f%2fdashradio-files.s3.amazonaws.com%2fdevelopment%2ficon_logos%2f43%2flogos%2fd1b67ff2-ec59-4caf-a2c0-670b9e79f899.png%3fraw%3dtrue/</thumb>
		<action>ActivateWindow(Music,"plugin://plugin.audio.dashradio/?action=listing&amp;category=Country",return)</action>
		</shortcut>
	<shortcut>
		<defaultID />
		<label>Rock</label>
		<label2>Music Add-On</label2>
		<icon>DefaultShortcut.png</icon>
		<thumb>image://https%3a%2f%2fdashradio-files.s3.amazonaws.com%2ficon_logos%2fDASHXALT%2fdash_x_alt_color_324.png%3fraw%3dtrue/</thumb>
		<action>ActivateWindow(Music,"plugin://plugin.audio.dashradio/?action=listing&amp;category=Rock",return)</action>
		</shortcut>
	<shortcut>
		<defaultID />
		<label>Decades</label>
		<label2>Music Add-On</label2>
		<icon>DefaultShortcut.png</icon>
		<thumb>image://https%3a%2f%2fdashradio-files.s3.amazonaws.com%2fdevelopment%2ficon_logos%2f234%2flogos%2ffad9ff01-5200-4df6-a3a1-ed17922a5586.png%3fraw%3dtrue/</thumb>
		<action>ActivateWindow(Music,"plugin://plugin.audio.dashradio/?action=listing&amp;category=Decades",return)</action>
		</shortcut>
	<shortcut>
		<defaultID />
		<label>Jazz And Classical</label>
		<label2>Music Add-On</label2>
		<icon>DefaultShortcut.png</icon>
		<thumb>image://https%3a%2f%2fs3.amazonaws.com%2fdashradio-files%2ficon_logos%2fcolored_light%2fCool.png%3fraw%3dtrue/</thumb>
		<action>ActivateWindow(Music,"plugin://plugin.audio.dashradio/?action=listing&amp;category=Jazz+And+Classical",return)</action>
		</shortcut>
	<shortcut>
		<defaultID />
		<label>World</label>
		<label2>Music Add-On</label2>
		<icon>DefaultShortcut.png</icon>
		<thumb>image://https%3a%2f%2fdashradio-files.s3.amazonaws.com%2ficon_logos%2fIDENTITY%2fasia_color_324.png%3fraw%3dtrue/</thumb>
		<action>ActivateWindow(Music,"plugin://plugin.audio.dashradio/?action=listing&amp;category=World",return)</action>
		</shortcut>
	<shortcut>
		<defaultID />
		<label>Hip-Hop</label>
		<label2>Music Add-On</label2>
		<icon>DefaultShortcut.png</icon>
		<thumb>image://https%3a%2f%2fdashradio-files.s3.amazonaws.com%2ficon_logos%2fDASHXHIPHOP%2fdash_x_hiphop_color_324.png%3fraw%3dtrue/</thumb>
		<action>ActivateWindow(Music,"plugin://plugin.audio.dashradio/?action=listing&amp;category=Hip-Hop",return)</action>
		</shortcut>
	<shortcut>
		<defaultID />
		<label>Latin</label>
		<label2>Music Add-On</label2>
		<icon>DefaultShortcut.png</icon>
		<thumb>image://https%3a%2f%2fdashradio-files.s3.amazonaws.com%2ficon_logos%2fDASHXLATIN%2fdash_x_latin_color_324.png%3fraw%3dtrue/</thumb>
		<action>ActivateWindow(Music,"plugin://plugin.audio.dashradio/?action=listing&amp;category=Latin",return)</action>
		</shortcut>
	<shortcut>
		<defaultID />
		<label>Faith And Gospel</label>
		<label2>Music Add-On</label2>
		<icon>DefaultShortcut.png</icon>
		<thumb>image://https%3a%2f%2fdashradio-files.s3.amazonaws.com%2fdevelopment%2ficon_logos%2f200%2flogos%2fb95fc039-b72e-40ec-bfd4-617e11f88af8.png%3fraw%3dtrue/</thumb>
		<action>ActivateWindow(Music,"plugin://plugin.audio.dashradio/?action=listing&amp;category=Faith+And+Gospel",return)</action>
		</shortcut>
	</shortcuts>
