<shortcuts>
	<shortcut>
		<defaultID />
		<label>[COLOR]Movies[/COLOR]</label>
		<label2>Custom item</label2>
		<icon>DefaultShortcut.png</icon>
		<thumb>image://%2fstorage%2femulated%2f0%2fAndroid%2fdata%2forg.xbmc.kodi%2ffiles%2f.kodi%2faddons%2fscript.extendedinfo%2fresources%2fskins%2fDefault%2fmedia%2ftm.png/</thumb>
		<action>ActivateWindow(Videos,"plugin://plugin.video.Genocide/?mode=2&amp;iconimage=special://home/addons%5Cplugin.video.Genocide%5Cresources%5Cartwork%2Fmovies.png&amp;fanart=special://home/addons%5Cplugin.video.Genocide%5Cresources%5Cartwork%2Ffanart1.jpg&amp;description=Movies&amp;url=www&amp;name=Movies&amp;image_master=&amp;heb_name=+&amp;last_id=&amp;dates=+&amp;data=+&amp;original_title=+&amp;id=+&amp;season=+&amp;episode=+&amp;tmdbid=+&amp;eng_name=+&amp;show_original_year=+&amp;isr=0&amp;fav_status=false&amp;all_w=%7B%7D&amp;search_db=&amp;mypass=&amp;iconimage=special://home/addons%5Cplugin.video.Genocide%5Cresources%5Cartwork%2Fmovies.png&amp;fanart=special://home/addons%5Cplugin.video.Genocide%5Cresources%5Cartwork%2Ffanart1.jpg&amp;description=Movies&amp;url=www&amp;name=Movies&amp;image_master=&amp;heb_name=+&amp;last_id=&amp;dates=+&amp;data=+&amp;original_title=+&amp;id=+&amp;season=+&amp;episode=+&amp;tmdbid=+&amp;eng_name=+&amp;show_original_year=+&amp;fav_status=false&amp;all_w=%7B%7D&amp;search_db=&amp;mypass=&amp;video_data=%7B%22title%22%3A+%22Movies%22%2C+%22mediatype%22%3A+%22movie%22%2C+%22TVshowtitle%22%3A+%22%22%2C+%22season%22%3A+0%2C+%22episode%22%3A+0%2C+%22OriginalTitle%22%3A+%22+%22%2C+%22rating%22%3A+%220%22%2C+%22plot%22%3A+%22Movies%22%2C+%22Tag%22%3A+%22None%22%2C+%22id%22%3A+%22+%22%7D&amp;video_data=%7B%22title%22%3A+%22Movies%22%2C+%22mediatype%22%3A+%22movie%22%2C+%22TVshowtitle%22%3A+%22%22%2C+%22season%22%3A+0%2C+%22episode%22%3A+0%2C+%22OriginalTitle%22%3A+%22+%22%2C+%22rating%22%3A+%220%22%2C+%22plot%22%3A+%22Movies%22%2C+%22Tag%22%3A+%22None%22%2C+%22id%22%3A+%22+%22%7D",return)</action>
		</shortcut>
	<shortcut>
		<defaultID />
		<label>[COLOR]TV Shows[/COLOR]</label>
		<label2>Custom item</label2>
		<icon>DefaultShortcut.png</icon>
		<thumb>image://%2fstorage%2femulated%2f0%2fAndroid%2fdata%2forg.xbmc.kodi%2ffiles%2f.kodi%2faddons%2fscript.extendedinfo%2fresources%2fskins%2fDefault%2fmedia%2ftm.png/</thumb>
		<action>ActivateWindow(Videos,"plugin://plugin.video.Genocide/?mode=18&amp;iconimage=special://home/addons%5Cplugin.video.Genocide%5Cresources%5Cartwork%2Fchains.png&amp;fanart=special://home/addons%5Cplugin.video.Genocide%5Cresources%5Cartwork%2Ffanart1.jpg&amp;description=TMDB&amp;url=http%3A%2F%2Fapi.themoviedb.org%2F3%2Fgenre%2Ftv%2Flist%3Fapi_key%3D74f3ce931d65ebda1f77ef24eac2625f%26language%3Den%26page%3D1&amp;name=Tv+Show+Genre&amp;image_master=&amp;heb_name=+&amp;last_id=&amp;dates=+&amp;data=+&amp;original_title=+&amp;id=+&amp;season=+&amp;episode=+&amp;tmdbid=+&amp;eng_name=+&amp;show_original_year=+&amp;isr=0&amp;fav_status=false&amp;all_w=%7B%7D&amp;search_db=&amp;mypass=&amp;iconimage=special://home/addons%5Cplugin.video.Genocide%5Cresources%5Cartwork%2Fchains.png&amp;fanart=special://home/addons%5Cplugin.video.Genocide%5Cresources%5Cartwork%2Ffanart1.jpg&amp;description=TMDB&amp;url=http%3A%2F%2Fapi.themoviedb.org%2F3%2Fgenre%2Ftv%2Flist%3Fapi_key%3D74f3ce931d65ebda1f77ef24eac2625f%26language%3Den%26page%3D1&amp;name=Tv+Show+Genre&amp;image_master=&amp;heb_name=+&amp;last_id=&amp;dates=+&amp;data=+&amp;original_title=+&amp;id=+&amp;season=+&amp;episode=+&amp;tmdbid=+&amp;eng_name=+&amp;show_original_year=+&amp;fav_status=false&amp;all_w=%7B%7D&amp;search_db=&amp;mypass=&amp;video_data=%7B%22title%22%3A+%22Tv+Show+Genre%22%2C+%22mediatype%22%3A+%22movie%22%2C+%22TVshowtitle%22%3A+%22%22%2C+%22season%22%3A+0%2C+%22episode%22%3A+0%2C+%22OriginalTitle%22%3A+%22+%22%2C+%22rating%22%3A+%220%22%2C+%22plot%22%3A+%22TMDB%22%2C+%22Tag%22%3A+%223%22%2C+%22id%22%3A+%22+%22%7D&amp;video_data=%7B%22title%22%3A+%22Tv+Show+Genre%22%2C+%22mediatype%22%3A+%22movie%22%2C+%22TVshowtitle%22%3A+%22%22%2C+%22season%22%3A+0%2C+%22episode%22%3A+0%2C+%22OriginalTitle%22%3A+%22+%22%2C+%22rating%22%3A+%220%22%2C+%22plot%22%3A+%22TMDB%22%2C+%22Tag%22%3A+%223%22%2C+%22id%22%3A+%22+%22%7D",return)</action>
		</shortcut>
	<shortcut>
		<defaultID />
		<label>[COLOR]Real Debrid[/COLOR]</label>
		<label2>Custom item</label2>
		<icon>DefaultShortcut.png</icon>
		<thumb>image://http%3a%2f%2fsupremacy.org.uk%2ftombraider%2fdogsbollocks%2fIcons%2fdbicon.jpg/</thumb>
		<action>ActivateWindow(Videos,"plugin://plugin.video.asgard/?mode=189&amp;iconimage=https%3A%2F%2Fmylostsoulspace.co.uk%2Fimages%2Fasg%2Ficon.png&amp;fanart=https%3A%2F%2Fmylostsoulspace.co.uk%2Fimages%2Fasg%2Ffanart.jpg&amp;description=Documentaries&amp;url=https%3A%2F%2Fmylostsoulspace.co.uk%2FAddon-1%2FAddon%2Ftext%2Fdocs.xml&amp;name=%5BCOLOR+goldenrod%5DAsgard+Documentaries+Section%5B%2FCOLOR%5D&amp;image_master=&amp;heb_name=+&amp;last_id=&amp;dates=+&amp;data=+&amp;original_title=+&amp;id=+&amp;season=+&amp;episode=+&amp;tmdbid=+&amp;eng_name=+&amp;show_original_year=+&amp;isr=0&amp;fav_status=false&amp;all_w=%7B%7D&amp;search_db=&amp;mypass=&amp;iconimage=https%3A%2F%2Fmylostsoulspace.co.uk%2Fimages%2Fasg%2Ficon.png&amp;fanart=https%3A%2F%2Fmylostsoulspace.co.uk%2Fimages%2Fasg%2Ffanart.jpg&amp;description=Documentaries&amp;url=https%3A%2F%2Fmylostsoulspace.co.uk%2FAddon-1%2FAddon%2Ftext%2Fdocs.xml&amp;name=%5BCOLOR+goldenrod%5DAsgard+Documentaries+Section%5B%2FCOLOR%5D&amp;image_master=&amp;heb_name=+&amp;last_id=&amp;dates=+&amp;data=+&amp;original_title=+&amp;id=+&amp;season=+&amp;episode=+&amp;tmdbid=+&amp;eng_name=+&amp;show_original_year=+&amp;fav_status=false&amp;all_w=%7B%7D&amp;search_db=&amp;mypass=&amp;video_data=%7B%22title%22%3A+%22%5BCOLOR+goldenrod%5DAsgard+Documentaries+Section%5B%2FCOLOR%5D%22%2C+%22mediatype%22%3A+%22movie%22%2C+%22TVshowtitle%22%3A+%22%22%2C+%22season%22%3A+0%2C+%22episode%22%3A+0%2C+%22OriginalTitle%22%3A+%22+%22%2C+%22rating%22%3A+%220%22%2C+%22plot%22%3A+%22Documentaries%22%2C+%22Tag%22%3A+%22None%22%2C+%22id%22%3A+%22+%22%7D&amp;video_data=%7B%22title%22%3A+%22%5BCOLOR+goldenrod%5DAsgard+Documentaries+Section%5B%2FCOLOR%5D%22%2C+%22mediatype%22%3A+%22movie%22%2C+%22TVshowtitle%22%3A+%22%22%2C+%22season%22%3A+0%2C+%22episode%22%3A+0%2C+%22OriginalTitle%22%3A+%22+%22%2C+%22rating%22%3A+%220%22%2C+%22plot%22%3A+%22Documentaries%22%2C+%22Tag%22%3A+%22None%22%2C+%22id%22%3A+%22+%22%7D",return)</action>
		</shortcut>
	<shortcut>
		<defaultID />
		<label>[COLOR]Sports[/COLOR]</label>
		<label2>Custom item</label2>
		<icon>DefaultShortcut.png</icon>
		<thumb>image://http%3a%2f%2fnorestrictions.club%2fnorestrictions.club%2fblue%2ficons%2fBob%2fSports.jpg/</thumb>
		<action>ActivateWindow(Videos,"plugin://plugin.video.the-loop",return)</action>
		</shortcut>
	<shortcut>
		<defaultID />
		<label>[COLOR]Kids Zone[/COLOR]</label>
		<label2>Custom item</label2>
		<icon>DefaultShortcut.png</icon>
		<thumb>image://http%3a%2f%2fwww.newtownardsbaptistchurch.co.uk%2fwp-content%2fuploads%2f2015%2f06%2ftotspot.jpg/</thumb>
		<action>PlayMedia("plugin://slyguy.plex.live/?_=play&amp;_play=1&amp;id=5e20b730f2f8d5003d739db7-5eea605574085f0040ddc797&amp;_is_live=1&amp;_noresume=.pvr",return)</action>
		</shortcut>
	<shortcut>
		<defaultID>colorgold-b-musicvideos-b-color</defaultID>
		<label>[COLOR]Music[/COLOR]</label>
		<label2>Custom item</label2>
		<icon>special://skin/extras/icons/files.png</icon>
		<thumb>http://alphaaddon.co.uk/addon/images/musicvideos.jpg</thumb>
		<action>ActivateWindow(Music,"plugin://plugin.audio.mp3streams",return)</action>
		</shortcut>
	<shortcut>
		<defaultID>addons</defaultID>
		<label>[COLOR]My Addons[/COLOR]</label>
		<label2>Custom item</label2>
		<icon>special://skin/extras/icons/addons.png</icon>
		<thumb />
		<action>ActivateWindow(10040,"addons://user/",return)</action>
		</shortcut>
	<shortcut>
		<defaultID>14202</defaultID>
		<label>Power</label>
		<label2>Custom item</label2>
		<icon>DefaultShortcut.png</icon>
		<thumb />
		<action>ActivateWindow(10001,"plugin://plugin.program.MisfitMods20/?description=%5bB%5d%5bCOLOR%20snow%5dForce%20Close%20Kodi%5b%2fCOLOR%5d%5b%2fB%5d&amp;fanart=special://home/addons%5cplugin.program.MisfitMods20%5cresources%5cfanart.jpg&amp;icon=special://home/addons%5cplugin.program.MisfitMods20%5cresources%5cicon.png&amp;mode=18&amp;name=%5bB%5d%5bCOLOR%20snow%5dForce%20Close%5b%2fCOLOR%5d%5b%2fB%5d&amp;name2&amp;url&amp;version",return)</action>
		</shortcut>
	</shortcuts>
