<shortcuts>
	<shortcut>
		<defaultID />
		<label>Live Events</label>
		<label2>Custom item</label2>
		<icon>DefaultShortcut.png</icon>
		<thumb>image://https%3a%2f%2fi.imgur.com%2fXcIr4P6.png/</thumb>
		<action>ActivateWindow(Videos,"plugin://plugin.video.Rising.Tides/?url=http%3A%2F%2Fmullafabz.xyz%2FHOST%2FLiveTV%2FPPV.xml&amp;mode=1&amp;name=%5BCOLOR+pink%5D%5BB%5DL%5B%2FB%5D%5B%2FCOLOR%5D%5BCOLOR+white%5D%5BB%5Dive%5B%2FB%5D%5B%2FCOLOR%5D+%5BCOLOR+red%5D%5BB%5DP%5B%2FB%5D%5B%2FCOLOR%5D%5BCOLOR+white%5D%5BB%5DPV%5B%2FB%5D%5B%2FCOLOR%5D+%5BCOLOR+pink%5D%5BB%5DE%5B%2FB%5D%5B%2FCOLOR%5D%5BCOLOR+white%5D%5BB%5Dvents%5B%2FB%5D%5B%2FCOLOR%5D&amp;iconimage=http%3A%2F%2Fmullafabz.xyz%2FHOST%2FIcons%2Fppvnew.jpg&amp;fanart=https%3A%2F%2Fcleeng.com%2Fblog%2Fwp-content%2Fuploads%2F2017%2F02%2FLive-PPV-piracy-e1487848574731.jpg",return)</action>
		</shortcut>
	<shortcut>
		<defaultID>plugin.video.the-loop/get_list/https://loopaddon.uk/files/k19/xmls/NFLZone19/nfl.json</defaultID>
		<label>NFL Zone</label>
		<label2>Video Add-On</label2>
		<icon>DefaultShortcut.png</icon>
		<thumb>image://https%3a%2f%2fi.imgur.com%2fd8rlQDN.jpg/</thumb>
		<action>ActivateWindow(Videos,"plugin://plugin.video.the-loop/get_list/https://loopaddon.uk/files/k19/xmls/NFLZone19/nfl.json",return)</action>
		</shortcut>
	<shortcut>
		<defaultID>plugin.video.the-loop/get_list/https://loopaddon.uk/files/k19/xmls/FightZone19/fightzonemain.json</defaultID>
		<label>Fight Zone</label>
		<label2>Video Add-On</label2>
		<icon>DefaultShortcut.png</icon>
		<thumb>image://https%3a%2f%2fi.imgur.com%2fZGhlN7u.png/</thumb>
		<action>ActivateWindow(Videos,"plugin://plugin.video.the-loop/get_list/https://loopaddon.uk/files/k19/xmls/FightZone19/fightzonemain.json",return)</action>
		</shortcut>
	<shortcut>
		<defaultID>plugin.video.madtitansports/airtable/jen/season|NCAAB|appAixUSjENO2TX9W|NCAAB***keykKra5bHtU3ejar</defaultID>
		<label>[COLOR]Ncaa bb[/COLOR]</label>
		<label2>Video Add-On</label2>
		<icon>DefaultShortcut.png</icon>
		<thumb>image://https%3a%2f%2fmagnetic.website%2fmenu%2520icons%2fwolfgirl%2520mad%2520titan%2520sports%2520icons%2fPicsart_22-05-12_07-14-54-343.png/</thumb>
		<action>ActivateWindow(Videos,"plugin://plugin.video.madtitansports/airtable/jen/season|NCAAB|appAixUSjENO2TX9W|NCAAB***keykKra5bHtU3ejar",return)</action>
		</shortcut>
	<shortcut>
		<defaultID>plugin.video.the-loop/get_list/https://loopaddon.uk/files/k19/xmls/MLBZone19/mlb.json</defaultID>
		<label>Mlb Zone</label>
		<label2>Video Add-On</label2>
		<icon>DefaultShortcut.png</icon>
		<thumb>image://https%3a%2f%2fi.imgur.com%2f4d3TWwL.png/</thumb>
		<action>ActivateWindow(Videos,"plugin://plugin.video.the-loop/get_list/https://loopaddon.uk/files/k19/xmls/MLBZone19/mlb.json",return)</action>
		</shortcut>
	<shortcut>
		<defaultID>plugin.video.the-loop/get_list/https://loopaddon.uk/files/k19/xmls/ScoreZone/soccertoday.json</defaultID>
		<label>Footy Zone</label>
		<label2>Video Add-On</label2>
		<icon>DefaultShortcut.png</icon>
		<thumb>image://C%3a%5cUsers%5cerica%5cAppData%5cRoaming%5cKodi%5caddons%5cplugin.video.the-loop%5cicon.png/</thumb>
		<action>ActivateWindow(Videos,"plugin://plugin.video.the-loop/get_list/https://loopaddon.uk/files/k19/xmls/ScoreZone/soccertoday.json",return)</action>
		</shortcut>
	<shortcut>
		<defaultID>color-goldenrod-sports-color</defaultID>
		<label>Asgard Sports</label>
		<label2>Custom item</label2>
		<icon>special://skin/extras/icons/files.png</icon>
		<thumb>http://narcacist.com/images/asg/icon.png</thumb>
		<action>ActivateWindow(Videos,"plugin://plugin.video.asgard/?mode=189&amp;iconimage=https%3A%2F%2Fmylostsoulspace.co.uk%2Fimages%2Fasg%2Ficon.png&amp;fanart=https%3A%2F%2Fmylostsoulspace.co.uk%2Fimages%2Fasg%2Ffanart.jpg&amp;description=Sports&amp;url=https%3A%2F%2Fmylostsoulspace.co.uk%2FAddon-1%2FAddon%2Ftext%2Fsport.xml&amp;name=%5BCOLOR+goldenrod%5DAsgard+Sports+Section%5B%2FCOLOR%5D&amp;image_master=&amp;heb_name=+&amp;last_id=&amp;dates=+&amp;data=+&amp;original_title=+&amp;id=+&amp;season=+&amp;episode=+&amp;tmdbid=+&amp;eng_name=+&amp;show_original_year=+&amp;isr=0&amp;fav_status=false&amp;all_w=%7B%7D&amp;search_db=&amp;mypass=&amp;iconimage=https%3A%2F%2Fmylostsoulspace.co.uk%2Fimages%2Fasg%2Ficon.png&amp;fanart=https%3A%2F%2Fmylostsoulspace.co.uk%2Fimages%2Fasg%2Ffanart.jpg&amp;description=Sports&amp;url=https%3A%2F%2Fmylostsoulspace.co.uk%2FAddon-1%2FAddon%2Ftext%2Fsport.xml&amp;name=%5BCOLOR+goldenrod%5DAsgard+Sports+Section%5B%2FCOLOR%5D&amp;image_master=&amp;heb_name=+&amp;last_id=&amp;dates=+&amp;data=+&amp;original_title=+&amp;id=+&amp;season=+&amp;episode=+&amp;tmdbid=+&amp;eng_name=+&amp;show_original_year=+&amp;fav_status=false&amp;all_w=%7B%7D&amp;search_db=&amp;mypass=&amp;video_data=%7B%22title%22%3A+%22%5BCOLOR+goldenrod%5DAsgard+Sports+Section%5B%2FCOLOR%5D%22%2C+%22mediatype%22%3A+%22movie%22%2C+%22TVshowtitle%22%3A+%22%22%2C+%22season%22%3A+0%2C+%22episode%22%3A+0%2C+%22OriginalTitle%22%3A+%22+%22%2C+%22rating%22%3A+%220%22%2C+%22plot%22%3A+%22Sports%22%2C+%22Tag%22%3A+%22None%22%2C+%22id%22%3A+%22+%22%7D&amp;video_data=%7B%22title%22%3A+%22%5BCOLOR+goldenrod%5DAsgard+Sports+Section%5B%2FCOLOR%5D%22%2C+%22mediatype%22%3A+%22movie%22%2C+%22TVshowtitle%22%3A+%22%22%2C+%22season%22%3A+0%2C+%22episode%22%3A+0%2C+%22OriginalTitle%22%3A+%22+%22%2C+%22rating%22%3A+%220%22%2C+%22plot%22%3A+%22Sports%22%2C+%22Tag%22%3A+%22None%22%2C+%22id%22%3A+%22+%22%7D",return)</action>
		</shortcut>
	<shortcut>
		<defaultID />
		<label>Sports Networks</label>
		<label2>Video Add-On</label2>
		<icon>DefaultShortcut.png</icon>
		<thumb>image://https%3a%2f%2fcdn2.iconfinder.com%2fdata%2ficons%2fworld-flags-1-1%2f100%2fUSA_-512.png/</thumb>
		<action>ActivateWindow(Videos,"plugin://plugin.video.madtitansports/search_json/https://magnetic.website/jet/TVGUIDE/TVGUIDE_Sports Networks.json?query=sports networks&amp;dialog=false",return)</action>
		</shortcut>
	<shortcut>
		<defaultID>plugin.video.madtitansports</defaultID>
		<label>Mad Titan </label>
		<label2>Custom item</label2>
		<icon>DefaultShortcut.png</icon>
		<thumb>thumb</thumb>
		<action>ActivateWindow(Videos,"plugin://plugin.video.madtitansports/get_list/https://magnetic.website/MAD_TITAN_SPORTS/SPORTS/sports.json",return)</action>
		</shortcut>
	<shortcut>
		<defaultID>plugin.video.the-loop</defaultID>
		<label>The Loop</label>
		<label2>Video Add-On</label2>
		<icon>DefaultShortcut.png</icon>
		<thumb>thumb</thumb>
		<action>ActivateWindow(Videos,"plugin://plugin.video.the-loop",return)</action>
		</shortcut>
	<shortcut>
		<defaultID>plugin.video.ez19</defaultID>
		<label>The Endzone 19</label>
		<label2>Video Add-On</label2>
		<icon>DefaultShortcut.png</icon>
		<thumb>thumb</thumb>
		<action>ActivateWindow(Videos,"plugin://plugin.video.ez19",return)</action>
		</shortcut>
	<shortcut>
		<defaultID>plugin.video.sporthdme</defaultID>
		<label>SportHD</label>
		<label2>Video Add-On</label2>
		<icon>DefaultShortcut.png</icon>
		<thumb>thumb</thumb>
		<action>ActivateWindow(Videos,"plugin://plugin.video.sporthdme",return)</action>
		</shortcut>
	<shortcut>
		<defaultID />
		<label>Rising Tides</label>
		<label2>Video Add-On</label2>
		<icon>DefaultShortcut.png</icon>
		<thumb>image://http%3a%2f%2fmullafabz.xyz%2fHOST%2fIcons%2fmoresportsevents.png/</thumb>
		<action>ActivateWindow(Videos,"plugin://plugin.video.Rising.Tides/?url=http%3A%2F%2Fmullafabz.xyz%2FHOST%2FLiveTV%2Frequests.xml&amp;mode=1&amp;name=%5BCOLOR+pink%5D%5BB%5DM%5B%2FB%5D%5B%2FCOLOR%5D%5BCOLOR+white%5D%5BB%5Dore%5B%2FB%5D%5B%2FCOLOR%5D+%5BCOLOR+red%5D%5BB%5DS%5B%2FB%5D%5B%2FCOLOR%5D%5BCOLOR+white%5D%5BB%5Dports%5B%2FB%5D%5B%2FCOLOR%5D+%5BCOLOR+red%5D%5BB%5DE%5B%2FB%5D%5B%2FCOLOR%5D%5BCOLOR+white%5D%5BB%5Dvents%5B%2FB%5D%5B%2FCOLOR%5D&amp;iconimage=http%3A%2F%2Fmullafabz.xyz%2FHOST%2FIcons%2Fmoresportsevents.png&amp;fanart=https%3A%2F%2Fi.imgur.com%2FAWutrFY.jpg",return)</action>
		</shortcut>
	<shortcut>
		<defaultID>plugin.video.daddylive</defaultID>
		<label>Daddylive</label>
		<label2>Video Add-On</label2>
		<icon>DefaultShortcut.png</icon>
		<thumb>thumb</thumb>
		<action>ActivateWindow(Videos,"plugin://plugin.video.daddylive",return)</action>
		</shortcut>
	<shortcut>
		<defaultID />
		<label>Fights on Demand</label>
		<label2>Custom item</label2>
		<icon>DefaultShortcut.png</icon>
		<thumb>image://https%3a%2f%2fmylostsoulspace.co.uk%2fmyfiles%2ffod%2fartwork%2ficon.png/</thumb>
		<action>ActivateWindow(Videos,"plugin://plugin.video.fod",return)</action>
		</shortcut>
	<shortcut>
		<defaultID>plugin.video.fullmatchtv</defaultID>
		<label>Full Match TV</label>
		<label2>Video Add-On</label2>
		<icon>DefaultShortcut.png</icon>
		<thumb>thumb</thumb>
		<action>ActivateWindow(Videos,"plugin://plugin.video.fullmatchtv",return)</action>
		</shortcut>
	<shortcut>
		<defaultID>plugin.video.xstreem/get_list/http://mygoto.uk/1Xmls/1ListersXmls/1tam/ReplayXmls/tamreplaysmain.xml</defaultID>
		<label>Sports Replays</label>
		<label2>Custom item</label2>
		<icon>DefaultShortcut.png</icon>
		<thumb>image://http%3a%2f%2fwww.mygoto.uk%2ficons%2fgotoxstreamicon.png/</thumb>
		<action>ActivateWindow(Videos,"plugin://plugin.video.thecrew/?action=sreplays",return)</action>
		</shortcut>
	<shortcut>
		<defaultID>plugin.video.wod</defaultID>
		<label>WOD</label>
		<label2>Video Add-On</label2>
		<icon>DefaultShortcut.png</icon>
		<thumb>thumb</thumb>
		<action>ActivateWindow(Videos,"plugin://plugin.video.wod",return)</action>
		</shortcut>
	<shortcut>
		<defaultID />
		<label> Torque Lite</label>
		<label2>Custom item</label2>
		<icon>DefaultShortcut.png</icon>
		<thumb>image://https%3a%2f%2fi.imgur.com%2f22vkOQM.png/</thumb>
		<action>ActivateWindow(Videos,"plugin://plugin.video.torquelite",return)</action>
		</shortcut>
	<shortcut>
		<defaultID />
		<label>Fitness</label>
		<label2>Video Add-On</label2>
		<icon>DefaultShortcut.png</icon>
		<thumb>image://C%3a%5cUsers%5cUser%5cAppData%5cRoaming%5cKodi%5caddons%5cplugin.video.nightwing%5cresources%5cmedia%5cnightwing%5cfitness.png/</thumb>
		<action>ActivateWindow(Videos,"plugin://plugin.video.nightwing/?action=fitnessNavigator",return)</action>
		</shortcut>
	</shortcuts>
