<shortcuts>
	<shortcut>
		<defaultID>plugin.program.misfitmods</defaultID>
		<label>MisfitMods Wiz</label>
		<label2>Custom item</label2>
		<icon>DefaultShortcut.png</icon>
		<thumb>image://C%3a%5cUsers%5cOwner%5cAppData%5cRoaming%5cKodi%5caddons%5cplugin.program.misfitmods%5cicon.png/</thumb>
		<action>ActivateWindow(Programs,"plugin://plugin.program.MisfitMods20",return)</action>
		</shortcut>
	<shortcut>
		<defaultID>20077</defaultID>
		<label>20077</label>
		<label2>Common menu item</label2>
		<icon>special://skin/extras/icons/year.png</icon>
		<thumb />
		<action>ActivateWindow(skinsettings)</action>
		</shortcut>
	<shortcut>
		<defaultID>settings</defaultID>
		<label>10004</label>
		<label2>Settings</label2>
		<icon>special://skin/extras/icons/settings.png</icon>
		<thumb />
		<action>ActivateWindow(Settings)</action>
		</shortcut>
	<shortcut>
		<defaultID>13000</defaultID>
		<label>13000</label>
		<label2>Settings</label2>
		<icon>special://skin/extras/icons/configure.png</icon>
		<thumb />
		<action>ActivateWindow(SystemSettings)</action>
		</shortcut>
	<shortcut>
		<defaultID>plugin.program.autoenabler</defaultID>
		<label>Auto Enabler</label>
		<label2>Program</label2>
		<icon>DefaultShortcut.png</icon>
		<thumb>thumb</thumb>
		<action>ActivateWindow(Programs,"plugin://plugin.program.autoenabler",return)</action>
		</shortcut>
	<shortcut>
		<defaultID>weather</defaultID>
		<label>12600</label>
		<label2>Common menu item</label2>
		<icon>special://skin/extras/icons/sun.png</icon>
		<thumb />
		<action>ActivateWindow(Weather)</action>
		</shortcut>
	</shortcuts>
