<?xml version="1.0" encoding="UTF-8"?>
<addon id="resource.uisounds.androidtv" version="1.0.0" name="Android TV UI Sounds" provider-name="takoi">
  <requires>
    <import addon="kodi.resource" version="1.0.0"/>
  </requires>
  <extension point="kodi.resource.uisounds"/>
  <extension point="kodi.addon.metadata">
    <summary lang="en">Android TV GUI sounds</summary>
    <description lang="en">GUI sounds from the Android TV Launcer.</description>
    <platform>all</platform>
    <license>Apache License, Version 2.0</license>
  </extension>
</addon>
