<?xml version="1.0" encoding="UTF-8"?>
<sounds>
  <actions>
    <action>
      <name>left</name>
      <file>Effect_Tick_48k.wav</file>
    </action>
    <action>
      <name>right</name>
      <file>Effect_Tick_48k.wav</file>
    </action>
    <action>
      <name>up</name>
      <file>Effect_Tick_48k.wav</file>
    </action>
    <action>
      <name>down</name>
      <file>Effect_Tick_48k.wav</file>
    </action>
    <action>
      <name>close</name>
      <file>Effect_Tick_48k.wav</file>
    </action>
    <action>
      <name>select</name>
      <file>Effect_Tick_48k.wav</file>
    </action>
    <action>
      <name>parentdir</name>
      <file>Effect_Tick_48k.wav</file>
    </action>
    <action>
      <name>previousmenu</name>
      <file>Effect_Tick_48k.wav</file>
    </action>
  </actions>
  <windows>
    <window>
      <name>infodialog</name>
      <activate>camera_click_48k.wav</activate>
    </window>
  </windows>
</sounds>
